,Seed,Learning Rate,Batch Size,Val CE,Val Accuracy,Val F1,Test CE,Test Accuracy,Test F1,classification_report,classification_report_json
0,5768,0.0001,32,53.959266479198746,0.07823362381278762,0.09847380146563696,51.46887595863903,0.06931533269045323,0.09014704691650471,"              precision    recall  f1-score   support

       LOC_B     0.6525    0.2558    0.3675       301
       LOC_I     0.8182    0.3000    0.4390       120
           O     0.9915    0.0437    0.0838     24118
       ORG_B     0.0221    0.9963    0.0433       544
       ORG_I     0.4329    0.1903    0.2644       373
       PER_B     0.7273    0.0280    0.0539       286
       PER_I     1.0000    0.0437    0.0838       183

    accuracy                         0.0693     25925
   macro avg     0.6635    0.2654    0.1908     25925
weighted avg     0.9556    0.0693    0.0901     25925
","{""LOC_B"": {""precision"": 0.652542372881356, ""recall"": 0.2558139534883721, ""f1-score"": 0.36754176610978523, ""support"": 301}, ""LOC_I"": {""precision"": 0.8181818181818182, ""recall"": 0.3, ""f1-score"": 0.43902439024390244, ""support"": 120}, ""O"": {""precision"": 0.9915413533834586, ""recall"": 0.04374326229372253, ""f1-score"": 0.08379000873639902, ""support"": 24118}, ""ORG_B"": {""precision"": 0.022108011094795234, ""recall"": 0.9963235294117647, ""f1-score"": 0.04325618515562649, ""support"": 544}, ""ORG_I"": {""precision"": 0.4329268292682927, ""recall"": 0.1903485254691689, ""f1-score"": 0.2644320297951583, ""support"": 373}, ""PER_B"": {""precision"": 0.7272727272727273, ""recall"": 0.027972027972027972, ""f1-score"": 0.05387205387205387, ""support"": 286}, ""PER_I"": {""precision"": 1.0, ""recall"": 0.04371584699453552, ""f1-score"": 0.0837696335078534, ""support"": 183}, ""accuracy"": 0.06931533269045323, ""macro avg"": {""precision"": 0.663510444583207, ""recall"": 0.2654167350899416, ""f1-score"": 0.19081229534582553, ""support"": 25925}, ""weighted avg"": {""precision"": 0.9555679806624495, ""recall"": 0.06931533269045323, ""f1-score"": 0.09014704691650471, ""support"": 25925}}"
0,5768,0.0001,16,53.959266479198746,0.07823362381278762,0.0,26.703497639473746,0.06931533269045323,0.09014704691650471,"              precision    recall  f1-score   support

       LOC_B     0.6525    0.2558    0.3675       301
       LOC_I     0.8182    0.3000    0.4390       120
           O     0.9915    0.0437    0.0838     24118
       ORG_B     0.0221    0.9963    0.0433       544
       ORG_I     0.4329    0.1903    0.2644       373
       PER_B     0.7273    0.0280    0.0539       286
       PER_I     1.0000    0.0437    0.0838       183

    accuracy                         0.0693     25925
   macro avg     0.6635    0.2654    0.1908     25925
weighted avg     0.9556    0.0693    0.0901     25925
","{""LOC_B"": {""precision"": 0.652542372881356, ""recall"": 0.2558139534883721, ""f1-score"": 0.36754176610978523, ""support"": 301}, ""LOC_I"": {""precision"": 0.8181818181818182, ""recall"": 0.3, ""f1-score"": 0.43902439024390244, ""support"": 120}, ""O"": {""precision"": 0.9915413533834586, ""recall"": 0.04374326229372253, ""f1-score"": 0.08379000873639902, ""support"": 24118}, ""ORG_B"": {""precision"": 0.022108011094795234, ""recall"": 0.9963235294117647, ""f1-score"": 0.04325618515562649, ""support"": 544}, ""ORG_I"": {""precision"": 0.4329268292682927, ""recall"": 0.1903485254691689, ""f1-score"": 0.2644320297951583, ""support"": 373}, ""PER_B"": {""precision"": 0.7272727272727273, ""recall"": 0.027972027972027972, ""f1-score"": 0.05387205387205387, ""support"": 286}, ""PER_I"": {""precision"": 1.0, ""recall"": 0.04371584699453552, ""f1-score"": 0.0837696335078534, ""support"": 183}, ""accuracy"": 0.06931533269045323, ""macro avg"": {""precision"": 0.663510444583207, ""recall"": 0.2654167350899416, ""f1-score"": 0.19081229534582553, ""support"": 25925}, ""weighted avg"": {""precision"": 0.9555679806624495, ""recall"": 0.06931533269045323, ""f1-score"": 0.09014704691650471, ""support"": 25925}}"
0,5768,0.0001,8,53.959266479198746,0.07823362381278762,0.0,13.778860585777847,0.06931533269045323,0.09014704691650471,"              precision    recall  f1-score   support

       LOC_B     0.6525    0.2558    0.3675       301
       LOC_I     0.8182    0.3000    0.4390       120
           O     0.9915    0.0437    0.0838     24118
       ORG_B     0.0221    0.9963    0.0433       544
       ORG_I     0.4329    0.1903    0.2644       373
       PER_B     0.7273    0.0280    0.0539       286
       PER_I     1.0000    0.0437    0.0838       183

    accuracy                         0.0693     25925
   macro avg     0.6635    0.2654    0.1908     25925
weighted avg     0.9556    0.0693    0.0901     25925
","{""LOC_B"": {""precision"": 0.652542372881356, ""recall"": 0.2558139534883721, ""f1-score"": 0.36754176610978523, ""support"": 301}, ""LOC_I"": {""precision"": 0.8181818181818182, ""recall"": 0.3, ""f1-score"": 0.43902439024390244, ""support"": 120}, ""O"": {""precision"": 0.9915413533834586, ""recall"": 0.04374326229372253, ""f1-score"": 0.08379000873639902, ""support"": 24118}, ""ORG_B"": {""precision"": 0.022108011094795234, ""recall"": 0.9963235294117647, ""f1-score"": 0.04325618515562649, ""support"": 544}, ""ORG_I"": {""precision"": 0.4329268292682927, ""recall"": 0.1903485254691689, ""f1-score"": 0.2644320297951583, ""support"": 373}, ""PER_B"": {""precision"": 0.7272727272727273, ""recall"": 0.027972027972027972, ""f1-score"": 0.05387205387205387, ""support"": 286}, ""PER_I"": {""precision"": 1.0, ""recall"": 0.04371584699453552, ""f1-score"": 0.0837696335078534, ""support"": 183}, ""accuracy"": 0.06931533269045323, ""macro avg"": {""precision"": 0.663510444583207, ""recall"": 0.2654167350899416, ""f1-score"": 0.19081229534582553, ""support"": 25925}, ""weighted avg"": {""precision"": 0.9555679806624495, ""recall"": 0.06931533269045323, ""f1-score"": 0.09014704691650471, ""support"": 25925}}"
0,5768,0.0001,4,53.959266479198746,0.07823362381278762,0.0,7.241378776756804,0.06931533269045323,0.09014704691650471,"              precision    recall  f1-score   support

       LOC_B     0.6525    0.2558    0.3675       301
       LOC_I     0.8182    0.3000    0.4390       120
           O     0.9915    0.0437    0.0838     24118
       ORG_B     0.0221    0.9963    0.0433       544
       ORG_I     0.4329    0.1903    0.2644       373
       PER_B     0.7273    0.0280    0.0539       286
       PER_I     1.0000    0.0437    0.0838       183

    accuracy                         0.0693     25925
   macro avg     0.6635    0.2654    0.1908     25925
weighted avg     0.9556    0.0693    0.0901     25925
","{""LOC_B"": {""precision"": 0.652542372881356, ""recall"": 0.2558139534883721, ""f1-score"": 0.36754176610978523, ""support"": 301}, ""LOC_I"": {""precision"": 0.8181818181818182, ""recall"": 0.3, ""f1-score"": 0.43902439024390244, ""support"": 120}, ""O"": {""precision"": 0.9915413533834586, ""recall"": 0.04374326229372253, ""f1-score"": 0.08379000873639902, ""support"": 24118}, ""ORG_B"": {""precision"": 0.022108011094795234, ""recall"": 0.9963235294117647, ""f1-score"": 0.04325618515562649, ""support"": 544}, ""ORG_I"": {""precision"": 0.4329268292682927, ""recall"": 0.1903485254691689, ""f1-score"": 0.2644320297951583, ""support"": 373}, ""PER_B"": {""precision"": 0.7272727272727273, ""recall"": 0.027972027972027972, ""f1-score"": 0.05387205387205387, ""support"": 286}, ""PER_I"": {""precision"": 1.0, ""recall"": 0.04371584699453552, ""f1-score"": 0.0837696335078534, ""support"": 183}, ""accuracy"": 0.06931533269045323, ""macro avg"": {""precision"": 0.663510444583207, ""recall"": 0.2654167350899416, ""f1-score"": 0.19081229534582553, ""support"": 25925}, ""weighted avg"": {""precision"": 0.9555679806624495, ""recall"": 0.06931533269045323, ""f1-score"": 0.09014704691650471, ""support"": 25925}}"
0,5768,1e-05,32,6.253548539601839,0.9765005385293254,0.9776555061357673,7.0924770262311485,0.9706846673095467,0.973272857790638,"              precision    recall  f1-score   support

       LOC_B     0.7395    0.9336    0.8253       301
       LOC_I     0.7593    0.6833    0.7193       120
           O     0.9987    0.9732    0.9858     24118
       ORG_B     0.6139    0.9761    0.7537       544
       ORG_I     0.6138    0.9330    0.7404       373
       PER_B     0.8602    0.9685    0.9112       286
       PER_I     0.9669    0.9563    0.9615       183

    accuracy                         0.9707     25925
   macro avg     0.7932    0.9177    0.8425     25925
weighted avg     0.9792    0.9707    0.9733     25925
","{""LOC_B"": {""precision"": 0.7394736842105263, ""recall"": 0.9335548172757475, ""f1-score"": 0.8252569750367107, ""support"": 301}, ""LOC_I"": {""precision"": 0.7592592592592593, ""recall"": 0.6833333333333333, ""f1-score"": 0.7192982456140351, ""support"": 120}, ""O"": {""precision"": 0.9986809633222704, ""recall"": 0.9731735633137076, ""f1-score"": 0.9857622847543049, ""support"": 24118}, ""ORG_B"": {""precision"": 0.6138728323699422, ""recall"": 0.9761029411764706, ""f1-score"": 0.7537260468417318, ""support"": 544}, ""ORG_I"": {""precision"": 0.6137566137566137, ""recall"": 0.9329758713136729, ""f1-score"": 0.7404255319148936, ""support"": 373}, ""PER_B"": {""precision"": 0.860248447204969, ""recall"": 0.9685314685314685, ""f1-score"": 0.9111842105263158, ""support"": 286}, ""PER_I"": {""precision"": 0.9668508287292817, ""recall"": 0.9562841530054644, ""f1-score"": 0.9615384615384616, ""support"": 183}, ""accuracy"": 0.9706846673095467, ""macro avg"": {""precision"": 0.7931632326932662, ""recall"": 0.9177080211356949, ""f1-score"": 0.8424559651752077, ""support"": 25925}, ""weighted avg"": {""precision"": 0.9791985712155657, ""recall"": 0.9706846673095467, ""f1-score"": 0.973272857790638, ""support"": 25925}}"
0,5768,1e-05,16,3.210215653364475,0.9820816606286106,0.9828073873099932,4.230915206470801,0.9787078109932498,0.9799990232991678,"              precision    recall  f1-score   support

       LOC_B     0.8006    0.8937    0.8446       301
       LOC_I     0.8556    0.6417    0.7333       120
           O     0.9980    0.9828    0.9903     24118
       ORG_B     0.6717    0.9779    0.7964       544
       ORG_I     0.7066    0.9169    0.7981       373
       PER_B     0.9416    0.9580    0.9497       286
       PER_I     0.9722    0.9563    0.9642       183

    accuracy                         0.9787     25925
   macro avg     0.8495    0.9039    0.8681     25925
weighted avg     0.9832    0.9787    0.9800     25925
","{""LOC_B"": {""precision"": 0.8005952380952381, ""recall"": 0.893687707641196, ""f1-score"": 0.8445839874411303, ""support"": 301}, ""LOC_I"": {""precision"": 0.8555555555555555, ""recall"": 0.6416666666666667, ""f1-score"": 0.7333333333333334, ""support"": 120}, ""O"": {""precision"": 0.997979117547996, ""recall"": 0.9828343975454018, ""f1-score"": 0.9903488614998956, ""support"": 24118}, ""ORG_B"": {""precision"": 0.6717171717171717, ""recall"": 0.9779411764705882, ""f1-score"": 0.7964071856287424, ""support"": 544}, ""ORG_I"": {""precision"": 0.7066115702479339, ""recall"": 0.9168900804289544, ""f1-score"": 0.7981330221703618, ""support"": 373}, ""PER_B"": {""precision"": 0.9415807560137457, ""recall"": 0.958041958041958, ""f1-score"": 0.949740034662045, ""support"": 286}, ""PER_I"": {""precision"": 0.9722222222222222, ""recall"": 0.9562841530054644, ""f1-score"": 0.9641873278236913, ""support"": 183}, ""accuracy"": 0.9787078109932498, ""macro avg"": {""precision"": 0.8494659473428375, ""recall"": 0.9039065914000329, ""f1-score"": 0.8681048217941715, ""support"": 25925}, ""weighted avg"": {""precision"": 0.9831859290398889, ""recall"": 0.9787078109932498, ""f1-score"": 0.9799990232991678, ""support"": 25925}}"
0,5768,1e-05,8,1.2419841118595178,0.9726818760403407,0.9744495446952062,1.6347145377761787,0.9672131147540983,0.970597873145001,"              precision    recall  f1-score   support

       LOC_B     0.6953    0.9402    0.7994       301
       LOC_I     0.7959    0.6500    0.7156       120
           O     0.9988    0.9692    0.9838     24118
       ORG_B     0.5778    0.9835    0.7279       544
       ORG_I     0.5777    0.9464    0.7175       373
       PER_B     0.9106    0.9615    0.9354       286
       PER_I     0.9831    0.9563    0.9695       183

    accuracy                         0.9672     25925
   macro avg     0.7913    0.9153    0.8356     25925
weighted avg     0.9784    0.9672    0.9706     25925
","{""LOC_B"": {""precision"": 0.6953316953316954, ""recall"": 0.9401993355481728, ""f1-score"": 0.7994350282485876, ""support"": 301}, ""LOC_I"": {""precision"": 0.7959183673469388, ""recall"": 0.65, ""f1-score"": 0.7155963302752293, ""support"": 120}, ""O"": {""precision"": 0.998846301756185, ""recall"": 0.9692345965668795, ""f1-score"": 0.9838176806043644, ""support"": 24118}, ""ORG_B"": {""precision"": 0.5777537796976242, ""recall"": 0.9834558823529411, ""f1-score"": 0.7278911564625851, ""support"": 544}, ""ORG_I"": {""precision"": 0.5777414075286416, ""recall"": 0.9463806970509383, ""f1-score"": 0.7174796747967479, ""support"": 373}, ""PER_B"": {""precision"": 0.9105960264900662, ""recall"": 0.9615384615384616, ""f1-score"": 0.9353741496598639, ""support"": 286}, ""PER_I"": {""precision"": 0.9831460674157303, ""recall"": 0.9562841530054644, ""f1-score"": 0.9695290858725761, ""support"": 183}, ""accuracy"": 0.9672131147540983, ""macro avg"": {""precision"": 0.791333377938126, ""recall"": 0.9152990180089796, ""f1-score"": 0.835589015131422, ""support"": 25925}, ""weighted avg"": {""precision"": 0.9784039323127898, ""recall"": 0.9672131147540983, ""f1-score"": 0.970597873145001, ""support"": 25925}}"
0,5768,1e-05,4,0.7812612021075663,0.9810046019778713,0.9818205545438558,1.0139977366773438,0.9771648987463838,0.978770730113881,"              precision    recall  f1-score   support

       LOC_B     0.7720    0.9336    0.8451       301
       LOC_I     0.7642    0.6750    0.7168       120
           O     0.9985    0.9806    0.9894     24118
       ORG_B     0.6556    0.9835    0.7868       544
       ORG_I     0.6992    0.9223    0.7954       373
       PER_B     0.9477    0.9510    0.9494       286
       PER_I     0.9771    0.9344    0.9553       183

    accuracy                         0.9772     25925
   macro avg     0.8306    0.9115    0.8626     25925
weighted avg     0.9826    0.9772    0.9788     25925
","{""LOC_B"": {""precision"": 0.771978021978022, ""recall"": 0.9335548172757475, ""f1-score"": 0.8451127819548873, ""support"": 301}, ""LOC_I"": {""precision"": 0.7641509433962265, ""recall"": 0.675, ""f1-score"": 0.7168141592920354, ""support"": 120}, ""O"": {""precision"": 0.9984800506649778, ""recall"": 0.9805539431130276, ""f1-score"": 0.989435809468025, ""support"": 24118}, ""ORG_B"": {""precision"": 0.6556372549019608, ""recall"": 0.9834558823529411, ""f1-score"": 0.7867647058823529, ""support"": 544}, ""ORG_I"": {""precision"": 0.6991869918699187, ""recall"": 0.9222520107238605, ""f1-score"": 0.7953757225433525, ""support"": 373}, ""PER_B"": {""precision"": 0.9477351916376306, ""recall"": 0.951048951048951, ""f1-score"": 0.9493891797556719, ""support"": 286}, ""PER_I"": {""precision"": 0.9771428571428571, ""recall"": 0.9344262295081968, ""f1-score"": 0.9553072625698323, ""support"": 183}, ""accuracy"": 0.9771648987463838, ""macro avg"": {""precision"": 0.8306159016559419, ""recall"": 0.9114702620032463, ""f1-score"": 0.8625999459237367, ""support"": 25925}, ""weighted avg"": {""precision"": 0.9825549925577828, ""recall"": 0.9771648987463838, ""f1-score"": 0.978770730113881, ""support"": 25925}}"
0,5768,1e-06,32,5.504646395261471,0.9398805444041908,0.9470118888550374,7.404969811439514,0.9363934426229508,0.9466200530818485,"              precision    recall  f1-score   support

       LOC_B     0.4903    0.9269    0.6414       301
       LOC_I     0.7143    0.5833    0.6422       120
           O     0.9987    0.9376    0.9672     24118
       ORG_B     0.4053    0.9835    0.5740       544
       ORG_I     0.4618    0.9249    0.6161       373
       PER_B     0.7131    0.9301    0.8073       286
       PER_I     0.9602    0.9235    0.9415       183

    accuracy                         0.9364     25925
   macro avg     0.6777    0.8871    0.7414     25925
weighted avg     0.9679    0.9364    0.9466     25925
","{""LOC_B"": {""precision"": 0.4903339191564148, ""recall"": 0.9269102990033222, ""f1-score"": 0.6413793103448275, ""support"": 301}, ""LOC_I"": {""precision"": 0.7142857142857143, ""recall"": 0.5833333333333334, ""f1-score"": 0.6422018348623854, ""support"": 120}, ""O"": {""precision"": 0.9986750287077113, ""recall"": 0.9375570113608094, ""f1-score"": 0.9671514114627887, ""support"": 24118}, ""ORG_B"": {""precision"": 0.4053030303030303, ""recall"": 0.9834558823529411, ""f1-score"": 0.5740343347639485, ""support"": 544}, ""ORG_I"": {""precision"": 0.46184738955823296, ""recall"": 0.9249329758713136, ""f1-score"": 0.6160714285714286, ""support"": 373}, ""PER_B"": {""precision"": 0.7131367292225201, ""recall"": 0.9300699300699301, ""f1-score"": 0.8072837632776935, ""support"": 286}, ""PER_I"": {""precision"": 0.9602272727272727, ""recall"": 0.9234972677595629, ""f1-score"": 0.9415041782729804, ""support"": 183}, ""accuracy"": 0.9363934426229508, ""macro avg"": {""precision"": 0.6776870119944138, ""recall"": 0.887108099964459, ""f1-score"": 0.7413751802222933, ""support"": 25925}, ""weighted avg"": {""precision"": 0.9678604342530278, ""recall"": 0.9363934426229508, ""f1-score"": 0.9466200530818485, ""support"": 25925}}"
0,5768,1e-06,16,3.253712099332076,0.9496719866836385,0.9550032060388164,4.026813119423904,0.9507039537126326,0.957377503039862,"              precision    recall  f1-score   support

       LOC_B     0.5974    0.9169    0.7235       301
       LOC_I     0.6903    0.6500    0.6695       120
           O     0.9986    0.9528    0.9752     24118
       ORG_B     0.4545    0.9835    0.6217       544
       ORG_I     0.5414    0.9115    0.6793       373
       PER_B     0.7664    0.9406    0.8446       286
       PER_I     0.9290    0.9290    0.9290       183

    accuracy                         0.9507     25925
   macro avg     0.7111    0.8977    0.7775     25925
weighted avg     0.9715    0.9507    0.9574     25925
","{""LOC_B"": {""precision"": 0.5974025974025974, ""recall"": 0.9169435215946844, ""f1-score"": 0.7234600262123198, ""support"": 301}, ""LOC_I"": {""precision"": 0.6902654867256637, ""recall"": 0.65, ""f1-score"": 0.6695278969957081, ""support"": 120}, ""O"": {""precision"": 0.9986093607405154, ""recall"": 0.9527738618459242, ""f1-score"": 0.9751533026374418, ""support"": 24118}, ""ORG_B"": {""precision"": 0.45454545454545453, ""recall"": 0.9834558823529411, ""f1-score"": 0.6217315514235908, ""support"": 544}, ""ORG_I"": {""precision"": 0.5414012738853503, ""recall"": 0.9115281501340483, ""f1-score"": 0.6793206793206793, ""support"": 373}, ""PER_B"": {""precision"": 0.7663817663817664, ""recall"": 0.9405594405594405, ""f1-score"": 0.8445839874411302, ""support"": 286}, ""PER_I"": {""precision"": 0.9289617486338798, ""recall"": 0.9289617486338798, ""f1-score"": 0.9289617486338798, ""support"": 183}, ""accuracy"": 0.9507039537126326, ""macro avg"": {""precision"": 0.7110810983307468, ""recall"": 0.8977460864458455, ""f1-score"": 0.7775341703806785, ""support"": 25925}, ""weighted avg"": {""precision"": 0.9714758414727931, ""recall"": 0.9507039537126326, ""f1-score"": 0.957377503039862, ""support"": 25925}}"
0,5768,1e-06,8,1.4097059445784372,0.960834230882209,0.963969800240563,2.275789778184629,0.9574156219864995,0.9623831071681204,"              precision    recall  f1-score   support

       LOC_B     0.6202    0.9169    0.7399       301
       LOC_I     0.7037    0.6333    0.6667       120
           O     0.9985    0.9597    0.9788     24118
       ORG_B     0.5095    0.9853    0.6717       544
       ORG_I     0.5764    0.9303    0.7118       373
       PER_B     0.7549    0.9371    0.8362       286
       PER_I     0.9396    0.9344    0.9370       183

    accuracy                         0.9574     25925
   macro avg     0.7290    0.8996    0.7917     25925
weighted avg     0.9733    0.9574    0.9624     25925
","{""LOC_B"": {""precision"": 0.6202247191011236, ""recall"": 0.9169435215946844, ""f1-score"": 0.739946380697051, ""support"": 301}, ""LOC_I"": {""precision"": 0.7037037037037037, ""recall"": 0.6333333333333333, ""f1-score"": 0.6666666666666667, ""support"": 120}, ""O"": {""precision"": 0.9985332815668004, ""recall"": 0.9597396135666307, ""f1-score"": 0.9787521934924629, ""support"": 24118}, ""ORG_B"": {""precision"": 0.5095057034220533, ""recall"": 0.9852941176470589, ""f1-score"": 0.6716791979949874, ""support"": 544}, ""ORG_I"": {""precision"": 0.5764119601328903, ""recall"": 0.9302949061662198, ""f1-score"": 0.7117948717948718, ""support"": 373}, ""PER_B"": {""precision"": 0.7549295774647887, ""recall"": 0.9370629370629371, ""f1-score"": 0.8361934477379096, ""support"": 286}, ""PER_I"": {""precision"": 0.9395604395604396, ""recall"": 0.9344262295081968, ""f1-score"": 0.9369863013698629, ""support"": 183}, ""accuracy"": 0.9574156219864995, ""macro avg"": {""precision"": 0.7289813407074001, ""recall"": 0.8995849512684372, ""f1-score"": 0.7917170085362589, ""support"": 25925}, ""weighted avg"": {""precision"": 0.9733377031092625, ""recall"": 0.9574156219864995, ""f1-score"": 0.9623831071681204, ""support"": 25925}}"
0,5768,1e-06,4,0.5466762667909117,0.9719964750807794,0.9737485842467956,0.9381163380252454,0.968563162970106,0.9713729536610567,"              precision    recall  f1-score   support

       LOC_B     0.6508    0.9535    0.7736       301
       LOC_I     0.7043    0.6750    0.6894       120
           O     0.9984    0.9713    0.9847     24118
       ORG_B     0.5960    0.9761    0.7401       544
       ORG_I     0.6693    0.9115    0.7719       373
       PER_B     0.8293    0.9510    0.8860       286
       PER_I     0.9663    0.9399    0.9529       183

    accuracy                         0.9686     25925
   macro avg     0.7735    0.9112    0.8284     25925
weighted avg     0.9778    0.9686    0.9714     25925
","{""LOC_B"": {""precision"": 0.6507936507936508, ""recall"": 0.9534883720930233, ""f1-score"": 0.7735849056603774, ""support"": 301}, ""LOC_I"": {""precision"": 0.7043478260869566, ""recall"": 0.675, ""f1-score"": 0.6893617021276596, ""support"": 120}, ""O"": {""precision"": 0.9984231162632117, ""recall"": 0.9713491997678083, ""f1-score"": 0.9847000966752134, ""support"": 24118}, ""ORG_B"": {""precision"": 0.5959595959595959, ""recall"": 0.9761029411764706, ""f1-score"": 0.7400696864111498, ""support"": 544}, ""ORG_I"": {""precision"": 0.6692913385826772, ""recall"": 0.9115281501340483, ""f1-score"": 0.771850170261067, ""support"": 373}, ""PER_B"": {""precision"": 0.8292682926829268, ""recall"": 0.951048951048951, ""f1-score"": 0.8859934853420195, ""support"": 286}, ""PER_I"": {""precision"": 0.9662921348314607, ""recall"": 0.9398907103825137, ""f1-score"": 0.9529085872576177, ""support"": 183}, ""accuracy"": 0.968563162970106, ""macro avg"": {""precision"": 0.7734822793143543, ""recall"": 0.9112011892289736, ""f1-score"": 0.8283526619621576, ""support"": 25925}, ""weighted avg"": {""precision"": 0.977752332803483, ""recall"": 0.968563162970106, ""f1-score"": 0.9713729536610567, ""support"": 25925}}"
0,5768,1e-07,32,63.10533670278696,0.20728483305590914,0.3224795588576386,63.3204154863077,0.18433944069431052,0.29718359687131984,"              precision    recall  f1-score   support

       LOC_B     0.0330    0.0100    0.0153       301
       LOC_I     0.0034    0.5083    0.0068       120
           O     0.9362    0.1916    0.3180     24118
       ORG_B     0.0309    0.1746    0.0525       544
       ORG_I     0.0000    0.0000    0.0000       373
       PER_B     0.0000    0.0000    0.0000       286
       PER_I     0.0000    0.0000    0.0000       183

    accuracy                         0.1843     25925
   macro avg     0.1434    0.1264    0.0561     25925
weighted avg     0.8720    0.1843    0.2972     25925
","{""LOC_B"": {""precision"": 0.03296703296703297, ""recall"": 0.009966777408637873, ""f1-score"": 0.01530612244897959, ""support"": 301}, ""LOC_I"": {""precision"": 0.0034321723963315143, ""recall"": 0.5083333333333333, ""f1-score"": 0.006818308835857598, ""support"": 120}, ""O"": {""precision"": 0.9361702127659575, ""recall"": 0.19155817231942948, ""f1-score"": 0.3180394451519637, ""support"": 24118}, ""ORG_B"": {""precision"": 0.030924479166666668, ""recall"": 0.17463235294117646, ""f1-score"": 0.052544247787610625, ""support"": 544}, ""ORG_I"": {""precision"": 0.0, ""recall"": 0.0, ""f1-score"": 0.0, ""support"": 373}, ""PER_B"": {""precision"": 0.0, ""recall"": 0.0, ""f1-score"": 0.0, ""support"": 286}, ""PER_I"": {""precision"": 0.0, ""recall"": 0.0, ""f1-score"": 0.0, ""support"": 183}, ""accuracy"": 0.18433944069431052, ""macro avg"": {""precision"": 0.14335627104228407, ""recall"": 0.12635580514322528, ""f1-score"": 0.05610116060348736, ""support"": 25925}, ""weighted avg"": {""precision"": 0.8719657105406622, ""recall"": 0.18433944069431052, ""f1-score"": 0.29718359687131984, ""support"": 25925}}"
0,5768,1e-07,16,29.288020803378178,0.029570155683932245,0.0215267751036325,29.757309133515637,0.027965284474445518,0.0279410987134318,"              precision    recall  f1-score   support

       LOC_B     0.0126    0.2458    0.0239       301
       LOC_I     0.0024    0.0083    0.0038       120
           O     0.9481    0.0144    0.0283     24118
       ORG_B     0.0277    0.1526    0.0468       544
       ORG_I     0.0000    0.0000    0.0000       373
       PER_B     0.0136    0.7692    0.0267       286
       PER_I     0.0000    0.0000    0.0000       183

    accuracy                         0.0280     25925
   macro avg     0.1435    0.1701    0.0185     25925
weighted avg     0.8829    0.0280    0.0279     25925
","{""LOC_B"": {""precision"": 0.012553011026293468, ""recall"": 0.24584717607973422, ""f1-score"": 0.023886378308586184, ""support"": 301}, ""LOC_I"": {""precision"": 0.0024449877750611247, ""recall"": 0.008333333333333333, ""f1-score"": 0.0037807183364839325, ""support"": 120}, ""O"": {""precision"": 0.9480874316939891, ""recall"": 0.014387594327887885, ""f1-score"": 0.028345041659859502, ""support"": 24118}, ""ORG_B"": {""precision"": 0.027666666666666666, ""recall"": 0.15257352941176472, ""f1-score"": 0.04683972911963882, ""support"": 544}, ""ORG_I"": {""precision"": 0.0, ""recall"": 0.0, ""f1-score"": 0.0, ""support"": 373}, ""PER_B"": {""precision"": 0.013561829614104303, ""recall"": 0.7692307692307693, ""f1-score"": 0.02665374363944754, ""support"": 286}, ""PER_I"": {""precision"": 0.0, ""recall"": 0.0, ""f1-score"": 0.0, ""support"": 183}, ""accuracy"": 0.027965284474445518, ""macro avg"": {""precision"": 0.1434734181108735, ""recall"": 0.17005320034049848, ""f1-score"": 0.01850080158057371, ""support"": 25925}, ""weighted avg"": {""precision"": 0.8828919530331284, ""recall"": 0.027965284474445518, ""f1-score"": 0.0279410987134318, ""support"": 25925}}"
0,5768,1e-07,8,1.4349698671231084,0.9082541858415745,0.9225447641134165,1.961992452873124,0.9045323047251688,0.923856956597965,"              precision    recall  f1-score   support

       LOC_B     0.3379    0.9103    0.4928       301
       LOC_I     0.7973    0.4917    0.6082       120
           O     0.9986    0.9039    0.9489     24118
       ORG_B     0.3238    0.9798    0.4868       544
       ORG_I     0.3625    0.9330    0.5221       373
       PER_B     0.6388    0.9336    0.7585       286
       PER_I     0.9081    0.9180    0.9130       183

    accuracy                         0.9045     25925
   macro avg     0.6239    0.8672    0.6758     25925
weighted avg     0.9621    0.9045    0.9239     25925
","{""LOC_B"": {""precision"": 0.33785450061652283, ""recall"": 0.9102990033222591, ""f1-score"": 0.4928057553956835, ""support"": 301}, ""LOC_I"": {""precision"": 0.7972972972972973, ""recall"": 0.49166666666666664, ""f1-score"": 0.6082474226804123, ""support"": 120}, ""O"": {""precision"": 0.9986258073381888, ""recall"": 0.9039306741852559, ""f1-score"": 0.9489216305033842, ""support"": 24118}, ""ORG_B"": {""precision"": 0.3238153098420413, ""recall"": 0.9797794117647058, ""f1-score"": 0.48675799086757987, ""support"": 544}, ""ORG_I"": {""precision"": 0.3625, ""recall"": 0.9329758713136729, ""f1-score"": 0.5221305326331582, ""support"": 373}, ""PER_B"": {""precision"": 0.638755980861244, ""recall"": 0.9335664335664335, ""f1-score"": 0.7585227272727272, ""support"": 286}, ""PER_I"": {""precision"": 0.9081081081081082, ""recall"": 0.9180327868852459, ""f1-score"": 0.9130434782608696, ""support"": 183}, ""accuracy"": 0.9045323047251688, ""macro avg"": {""precision"": 0.623851000580486, ""recall"": 0.8671786925291771, ""f1-score"": 0.6757756482305449, ""support"": 25925}, ""weighted avg"": {""precision"": 0.9621007955490014, ""recall"": 0.9045323047251688, ""f1-score"": 0.923856956597965, ""support"": 25925}}"
0,5768,1e-07,4,0.7972021160813252,0.9184372858122002,0.9296339110082769,1.072139558420416,0.9242044358727097,0.9365111341927878,"              precision    recall  f1-score   support

       LOC_B     0.4009    0.9003    0.5548       301
       LOC_I     0.7407    0.1667    0.2721       120
           O     0.9981    0.9269    0.9612     24118
       ORG_B     0.3985    0.9779    0.5663       544
       ORG_I     0.3972    0.9276    0.5563       373
       PER_B     0.6027    0.9336    0.7325       286
       PER_I     0.9655    0.9180    0.9412       183

    accuracy                         0.9242     25925
   macro avg     0.6434    0.8216    0.6549     25925
weighted avg     0.9641    0.9242    0.9365     25925
","{""LOC_B"": {""precision"": 0.40088757396449703, ""recall"": 0.9003322259136213, ""f1-score"": 0.5547594677584442, ""support"": 301}, ""LOC_I"": {""precision"": 0.7407407407407407, ""recall"": 0.16666666666666666, ""f1-score"": 0.272108843537415, ""support"": 120}, ""O"": {""precision"": 0.9980802714406893, ""recall"": 0.9269425325483042, ""f1-score"": 0.9611969817486081, ""support"": 24118}, ""ORG_B"": {""precision"": 0.398501872659176, ""recall"": 0.9779411764705882, ""f1-score"": 0.5662586482171368, ""support"": 544}, ""ORG_I"": {""precision"": 0.39724454649827784, ""recall"": 0.9276139410187667, ""f1-score"": 0.5562700964630225, ""support"": 373}, ""PER_B"": {""precision"": 0.6027088036117382, ""recall"": 0.9335664335664335, ""f1-score"": 0.7325102880658437, ""support"": 286}, ""PER_I"": {""precision"": 0.9655172413793104, ""recall"": 0.9180327868852459, ""f1-score"": 0.9411764705882353, ""support"": 183}, ""accuracy"": 0.9242044358727097, ""macro avg"": {""precision"": 0.6433830071849185, ""recall"": 0.8215851090099466, ""f1-score"": 0.6548972566255294, ""support"": 25925}, ""weighted avg"": {""precision"": 0.964137999723609, ""recall"": 0.9242044358727097, ""f1-score"": 0.9365111341927878, ""support"": 25925}}"
0,78516,0.0001,32,9.750179819476147,0.9602467443454421,0.9645951328983386,10.526792472776245,0.9578784956605593,0.963525622836908,"              precision    recall  f1-score   support

       LOC_B     0.5340    0.9402    0.6811       301
       LOC_I     0.3532    0.6917    0.4676       120
           O     0.9991    0.9615    0.9799     24118
       ORG_B     0.6239    0.9485    0.7527       544
       ORG_I     0.4925    0.8767    0.6307       373
       PER_B     0.9368    0.9336    0.9352       286
       PER_I     0.9709    0.9126    0.9408       183

    accuracy                         0.9579     25925
   macro avg     0.7015    0.8950    0.7697     25925
weighted avg     0.9746    0.9579    0.9635     25925
","{""LOC_B"": {""precision"": 0.5339622641509434, ""recall"": 0.9401993355481728, ""f1-score"": 0.6811070998796631, ""support"": 301}, ""LOC_I"": {""precision"": 0.35319148936170214, ""recall"": 0.6916666666666667, ""f1-score"": 0.46760563380281694, ""support"": 120}, ""O"": {""precision"": 0.9990522143718766, ""recall"": 0.9615225143046687, ""f1-score"": 0.9799281639552081, ""support"": 24118}, ""ORG_B"": {""precision"": 0.6239419588875453, ""recall"": 0.9485294117647058, ""f1-score"": 0.7527352297592996, ""support"": 544}, ""ORG_I"": {""precision"": 0.4924698795180723, ""recall"": 0.8766756032171582, ""f1-score"": 0.630665380906461, ""support"": 373}, ""PER_B"": {""precision"": 0.9368421052631579, ""recall"": 0.9335664335664335, ""f1-score"": 0.9352014010507881, ""support"": 286}, ""PER_I"": {""precision"": 0.9709302325581395, ""recall"": 0.912568306010929, ""f1-score"": 0.9408450704225353, ""support"": 183}, ""accuracy"": 0.9578784956605593, ""macro avg"": {""precision"": 0.7014843063016338, ""recall"": 0.8949611815826763, ""f1-score"": 0.7697268542538246, ""support"": 25925}, ""weighted avg"": {""precision"": 0.9746183101952646, ""recall"": 0.9578784956605593, ""f1-score"": 0.963525622836908, ""support"": 25925}}"
0,78516,0.0001,16,9.750179819476147,0.9602467443454421,0.0,5.204227263436598,0.9578784956605593,0.963525622836908,"              precision    recall  f1-score   support

       LOC_B     0.5340    0.9402    0.6811       301
       LOC_I     0.3532    0.6917    0.4676       120
           O     0.9991    0.9615    0.9799     24118
       ORG_B     0.6239    0.9485    0.7527       544
       ORG_I     0.4925    0.8767    0.6307       373
       PER_B     0.9368    0.9336    0.9352       286
       PER_I     0.9709    0.9126    0.9408       183

    accuracy                         0.9579     25925
   macro avg     0.7015    0.8950    0.7697     25925
weighted avg     0.9746    0.9579    0.9635     25925
","{""LOC_B"": {""precision"": 0.5339622641509434, ""recall"": 0.9401993355481728, ""f1-score"": 0.6811070998796631, ""support"": 301}, ""LOC_I"": {""precision"": 0.35319148936170214, ""recall"": 0.6916666666666667, ""f1-score"": 0.46760563380281694, ""support"": 120}, ""O"": {""precision"": 0.9990522143718766, ""recall"": 0.9615225143046687, ""f1-score"": 0.9799281639552081, ""support"": 24118}, ""ORG_B"": {""precision"": 0.6239419588875453, ""recall"": 0.9485294117647058, ""f1-score"": 0.7527352297592996, ""support"": 544}, ""ORG_I"": {""precision"": 0.4924698795180723, ""recall"": 0.8766756032171582, ""f1-score"": 0.630665380906461, ""support"": 373}, ""PER_B"": {""precision"": 0.9368421052631579, ""recall"": 0.9335664335664335, ""f1-score"": 0.9352014010507881, ""support"": 286}, ""PER_I"": {""precision"": 0.9709302325581395, ""recall"": 0.912568306010929, ""f1-score"": 0.9408450704225353, ""support"": 183}, ""accuracy"": 0.9578784956605593, ""macro avg"": {""precision"": 0.7014843063016338, ""recall"": 0.8949611815826763, ""f1-score"": 0.7697268542538246, ""support"": 25925}, ""weighted avg"": {""precision"": 0.9746183101952646, ""recall"": 0.9578784956605593, ""f1-score"": 0.963525622836908, ""support"": 25925}}"
0,78516,0.0001,8,9.750179819476147,0.9602467443454421,0.0,2.5913117505885936,0.9578784956605593,0.963525622836908,"              precision    recall  f1-score   support

       LOC_B     0.5340    0.9402    0.6811       301
       LOC_I     0.3532    0.6917    0.4676       120
           O     0.9991    0.9615    0.9799     24118
       ORG_B     0.6239    0.9485    0.7527       544
       ORG_I     0.4925    0.8767    0.6307       373
       PER_B     0.9368    0.9336    0.9352       286
       PER_I     0.9709    0.9126    0.9408       183

    accuracy                         0.9579     25925
   macro avg     0.7015    0.8950    0.7697     25925
weighted avg     0.9746    0.9579    0.9635     25925
","{""LOC_B"": {""precision"": 0.5339622641509434, ""recall"": 0.9401993355481728, ""f1-score"": 0.6811070998796631, ""support"": 301}, ""LOC_I"": {""precision"": 0.35319148936170214, ""recall"": 0.6916666666666667, ""f1-score"": 0.46760563380281694, ""support"": 120}, ""O"": {""precision"": 0.9990522143718766, ""recall"": 0.9615225143046687, ""f1-score"": 0.9799281639552081, ""support"": 24118}, ""ORG_B"": {""precision"": 0.6239419588875453, ""recall"": 0.9485294117647058, ""f1-score"": 0.7527352297592996, ""support"": 544}, ""ORG_I"": {""precision"": 0.4924698795180723, ""recall"": 0.8766756032171582, ""f1-score"": 0.630665380906461, ""support"": 373}, ""PER_B"": {""precision"": 0.9368421052631579, ""recall"": 0.9335664335664335, ""f1-score"": 0.9352014010507881, ""support"": 286}, ""PER_I"": {""precision"": 0.9709302325581395, ""recall"": 0.912568306010929, ""f1-score"": 0.9408450704225353, ""support"": 183}, ""accuracy"": 0.9578784956605593, ""macro avg"": {""precision"": 0.7014843063016338, ""recall"": 0.8949611815826763, ""f1-score"": 0.7697268542538246, ""support"": 25925}, ""weighted avg"": {""precision"": 0.9746183101952646, ""recall"": 0.9578784956605593, ""f1-score"": 0.963525622836908, ""support"": 25925}}"
0,78516,0.0001,4,9.750179819476147,0.9602467443454421,0.0,1.1579393511603424,0.9578784956605593,0.963525622836908,"              precision    recall  f1-score   support

       LOC_B     0.5340    0.9402    0.6811       301
       LOC_I     0.3532    0.6917    0.4676       120
           O     0.9991    0.9615    0.9799     24118
       ORG_B     0.6239    0.9485    0.7527       544
       ORG_I     0.4925    0.8767    0.6307       373
       PER_B     0.9368    0.9336    0.9352       286
       PER_I     0.9709    0.9126    0.9408       183

    accuracy                         0.9579     25925
   macro avg     0.7015    0.8950    0.7697     25925
weighted avg     0.9746    0.9579    0.9635     25925
","{""LOC_B"": {""precision"": 0.5339622641509434, ""recall"": 0.9401993355481728, ""f1-score"": 0.6811070998796631, ""support"": 301}, ""LOC_I"": {""precision"": 0.35319148936170214, ""recall"": 0.6916666666666667, ""f1-score"": 0.46760563380281694, ""support"": 120}, ""O"": {""precision"": 0.9990522143718766, ""recall"": 0.9615225143046687, ""f1-score"": 0.9799281639552081, ""support"": 24118}, ""ORG_B"": {""precision"": 0.6239419588875453, ""recall"": 0.9485294117647058, ""f1-score"": 0.7527352297592996, ""support"": 544}, ""ORG_I"": {""precision"": 0.4924698795180723, ""recall"": 0.8766756032171582, ""f1-score"": 0.630665380906461, ""support"": 373}, ""PER_B"": {""precision"": 0.9368421052631579, ""recall"": 0.9335664335664335, ""f1-score"": 0.9352014010507881, ""support"": 286}, ""PER_I"": {""precision"": 0.9709302325581395, ""recall"": 0.912568306010929, ""f1-score"": 0.9408450704225353, ""support"": 183}, ""accuracy"": 0.9578784956605593, ""macro avg"": {""precision"": 0.7014843063016338, ""recall"": 0.8949611815826763, ""f1-score"": 0.7697268542538246, ""support"": 25925}, ""weighted avg"": {""precision"": 0.9746183101952646, ""recall"": 0.9578784956605593, ""f1-score"": 0.963525622836908, ""support"": 25925}}"
0,78516,1e-05,32,5.732252039588415,0.9673944972094389,0.9697171171941775,8.950391234720454,0.9654001928640309,0.9689157574208642,"              precision    recall  f1-score   support

       LOC_B     0.6659    0.9070    0.7679       301
       LOC_I     0.7830    0.6917    0.7345       120
           O     0.9985    0.9685    0.9833     24118
       ORG_B     0.5487    0.9835    0.7044       544
       ORG_I     0.6343    0.9115    0.7481       373
       PER_B     0.8297    0.9371    0.8801       286
       PER_I     0.9396    0.9344    0.9370       183

    accuracy                         0.9654     25925
   macro avg     0.7714    0.9048    0.8222     25925
weighted avg     0.9767    0.9654    0.9689     25925
","{""LOC_B"": {""precision"": 0.6658536585365854, ""recall"": 0.9069767441860465, ""f1-score"": 0.7679324894514769, ""support"": 301}, ""LOC_I"": {""precision"": 0.7830188679245284, ""recall"": 0.6916666666666667, ""f1-score"": 0.7345132743362832, ""support"": 120}, ""O"": {""precision"": 0.998503825930834, ""recall"": 0.9684882660253752, ""f1-score"": 0.9832670328976446, ""support"": 24118}, ""ORG_B"": {""precision"": 0.5487179487179488, ""recall"": 0.9834558823529411, ""f1-score"": 0.7044107965766951, ""support"": 544}, ""ORG_I"": {""precision"": 0.6343283582089553, ""recall"": 0.9115281501340483, ""f1-score"": 0.7480748074807481, ""support"": 373}, ""PER_B"": {""precision"": 0.8297213622291022, ""recall"": 0.9370629370629371, ""f1-score"": 0.8801313628899835, ""support"": 286}, ""PER_I"": {""precision"": 0.9395604395604396, ""recall"": 0.9344262295081968, ""f1-score"": 0.9369863013698629, ""support"": 183}, ""accuracy"": 0.9654001928640309, ""macro avg"": {""precision"": 0.7713863515869134, ""recall"": 0.9048006965623159, ""f1-score"": 0.822188009286099, ""support"": 25925}, ""weighted avg"": {""precision"": 0.976688385763622, ""recall"": 0.9654001928640309, ""f1-score"": 0.9689157574208642, ""support"": 25925}}"
0,78516,1e-05,16,1.8447479950980499,0.9685694702829727,0.9709639612880225,3.0550829428522026,0.9611571841851495,0.965829459534627,"              precision    recall  f1-score   support

       LOC_B     0.6579    0.9136    0.7650       301
       LOC_I     0.7091    0.6500    0.6783       120
           O     0.9989    0.9633    0.9808     24118
       ORG_B     0.5480    0.9871    0.7047       544
       ORG_I     0.5131    0.9464    0.6654       373
       PER_B     0.9155    0.9476    0.9313       286
       PER_I     0.9773    0.9399    0.9582       183

    accuracy                         0.9612     25925
   macro avg     0.7600    0.9068    0.8119     25925
weighted avg     0.9761    0.9612    0.9658     25925
","{""LOC_B"": {""precision"": 0.6578947368421053, ""recall"": 0.9136212624584718, ""f1-score"": 0.764951321279555, ""support"": 301}, ""LOC_I"": {""precision"": 0.7090909090909091, ""recall"": 0.65, ""f1-score"": 0.6782608695652174, ""support"": 120}, ""O"": {""precision"": 0.9989250548222041, ""recall"": 0.9632639522348453, ""f1-score"": 0.9807704485488126, ""support"": 24118}, ""ORG_B"": {""precision"": 0.5479591836734694, ""recall"": 0.9871323529411765, ""f1-score"": 0.7047244094488189, ""support"": 544}, ""ORG_I"": {""precision"": 0.5130813953488372, ""recall"": 0.9463806970509383, ""f1-score"": 0.6654099905749293, ""support"": 373}, ""PER_B"": {""precision"": 0.9155405405405406, ""recall"": 0.9475524475524476, ""f1-score"": 0.9312714776632302, ""support"": 286}, ""PER_I"": {""precision"": 0.9772727272727273, ""recall"": 0.9398907103825137, ""f1-score"": 0.9582172701949861, ""support"": 183}, ""accuracy"": 0.9611571841851495, ""macro avg"": {""precision"": 0.7599663639415419, ""recall"": 0.9068344889457706, ""f1-score"": 0.8119436838965071, ""support"": 25925}, ""weighted avg"": {""precision"": 0.9760982201408402, ""recall"": 0.9611571841851495, ""f1-score"": 0.965829459534627, ""support"": 25925}}"
0,78516,1e-05,8,1.4271625165608437,0.9788504846763928,0.9800456574183354,2.3131485880928166,0.971764705882353,0.9744187066982849,"              precision    recall  f1-score   support

       LOC_B     0.7493    0.8937    0.8152       301
       LOC_I     0.8681    0.6583    0.7488       120
           O     0.9985    0.9752    0.9867     24118
       ORG_B     0.5763    0.9853    0.7273       544
       ORG_I     0.6542    0.9383    0.7709       373
       PER_B     0.9531    0.9231    0.9378       286
       PER_I     0.9831    0.9508    0.9667       183

    accuracy                         0.9718     25925
   macro avg     0.8261    0.9035    0.8505     25925
weighted avg     0.9806    0.9718    0.9744     25925
","{""LOC_B"": {""precision"": 0.7493036211699164, ""recall"": 0.893687707641196, ""f1-score"": 0.8151515151515152, ""support"": 301}, ""LOC_I"": {""precision"": 0.8681318681318682, ""recall"": 0.6583333333333333, ""f1-score"": 0.7488151658767772, ""support"": 120}, ""O"": {""precision"": 0.9985141789777552, ""recall"": 0.975246703706775, ""f1-score"": 0.9867432982338381, ""support"": 24118}, ""ORG_B"": {""precision"": 0.5763440860215053, ""recall"": 0.9852941176470589, ""f1-score"": 0.7272727272727273, ""support"": 544}, ""ORG_I"": {""precision"": 0.6542056074766355, ""recall"": 0.938337801608579, ""f1-score"": 0.7709251101321585, ""support"": 373}, ""PER_B"": {""precision"": 0.9530685920577617, ""recall"": 0.9230769230769231, ""f1-score"": 0.9378330373001778, ""support"": 286}, ""PER_I"": {""precision"": 0.9830508474576272, ""recall"": 0.9508196721311475, ""f1-score"": 0.9666666666666667, ""support"": 183}, ""accuracy"": 0.971764705882353, ""macro avg"": {""precision"": 0.8260884001847242, ""recall"": 0.9035423227350019, ""f1-score"": 0.8504867886619801, ""support"": 25925}, ""weighted avg"": {""precision"": 0.9805942904351482, ""recall"": 0.971764705882353, ""f1-score"": 0.9744187066982849, ""support"": 25925}}"
0,78516,1e-05,4,0.7410571038663055,0.9817879173602272,0.9826966783790331,1.0297490345657332,0.9756605593056895,0.9774659687937485,"              precision    recall  f1-score   support

       LOC_B     0.7589    0.9203    0.8318       301
       LOC_I     0.7766    0.6083    0.6822       120
           O     0.9986    0.9796    0.9890     24118
       ORG_B     0.6251    0.9779    0.7627       544
       ORG_I     0.7035    0.9223    0.7981       373
       PER_B     0.9368    0.9336    0.9352       286
       PER_I     0.9615    0.9563    0.9589       183

    accuracy                         0.9757     25925
   macro avg     0.8230    0.8997    0.8512     25925
weighted avg     0.9818    0.9757    0.9775     25925
","{""LOC_B"": {""precision"": 0.7589041095890411, ""recall"": 0.920265780730897, ""f1-score"": 0.8318318318318318, ""support"": 301}, ""LOC_I"": {""precision"": 0.776595744680851, ""recall"": 0.6083333333333333, ""f1-score"": 0.6822429906542056, ""support"": 120}, ""O"": {""precision"": 0.9986051819603533, ""recall"": 0.9796002985322166, ""f1-score"": 0.9890114490235887, ""support"": 24118}, ""ORG_B"": {""precision"": 0.6251468860164512, ""recall"": 0.9779411764705882, ""f1-score"": 0.7627240143369176, ""support"": 544}, ""ORG_I"": {""precision"": 0.7034764826175869, ""recall"": 0.9222520107238605, ""f1-score"": 0.7981438515081207, ""support"": 373}, ""PER_B"": {""precision"": 0.9368421052631579, ""recall"": 0.9335664335664335, ""f1-score"": 0.9352014010507881, ""support"": 286}, ""PER_I"": {""precision"": 0.9615384615384616, ""recall"": 0.9562841530054644, ""f1-score"": 0.958904109589041, ""support"": 183}, ""accuracy"": 0.9756605593056895, ""macro avg"": {""precision"": 0.8230155673808434, ""recall"": 0.8997490266232563, ""f1-score"": 0.8511513782849277, ""support"": 25925}, ""weighted avg"": {""precision"": 0.9817688107789359, ""recall"": 0.9756605593056895, ""f1-score"": 0.9774659687937485, ""support"": 25925}}"
0,78516,1e-06,32,5.297772957728459,0.953882306863801,0.9583362567378451,8.245088680702096,0.9510511089681775,0.9576340043261228,"              precision    recall  f1-score   support

       LOC_B     0.5914    0.9136    0.7180       301
       LOC_I     0.6842    0.6500    0.6667       120
           O     0.9987    0.9528    0.9752     24118
       ORG_B     0.4636    0.9835    0.6302       544
       ORG_I     0.5338    0.9303    0.6784       373
       PER_B     0.7692    0.9441    0.8477       286
       PER_I     0.9399    0.9399    0.9399       183

    accuracy                         0.9511     25925
   macro avg     0.7116    0.9020    0.7794     25925
weighted avg     0.9717    0.9511    0.9576     25925
","{""LOC_B"": {""precision"": 0.5913978494623656, ""recall"": 0.9136212624584718, ""f1-score"": 0.7180156657963447, ""support"": 301}, ""LOC_I"": {""precision"": 0.6842105263157895, ""recall"": 0.65, ""f1-score"": 0.6666666666666667, ""support"": 120}, ""O"": {""precision"": 0.9987395688456189, ""recall"": 0.9527738618459242, ""f1-score"": 0.9752153800449858, ""support"": 24118}, ""ORG_B"": {""precision"": 0.46360485268630847, ""recall"": 0.9834558823529411, ""f1-score"": 0.6301531213191991, ""support"": 544}, ""ORG_I"": {""precision"": 0.5338461538461539, ""recall"": 0.9302949061662198, ""f1-score"": 0.678396871945259, ""support"": 373}, ""PER_B"": {""precision"": 0.7692307692307693, ""recall"": 0.9440559440559441, ""f1-score"": 0.847723704866562, ""support"": 286}, ""PER_I"": {""precision"": 0.9398907103825137, ""recall"": 0.9398907103825137, ""f1-score"": 0.9398907103825137, ""support"": 183}, ""accuracy"": 0.9510511089681775, ""macro avg"": {""precision"": 0.7115600615385027, ""recall"": 0.9020132238945735, ""f1-score"": 0.7794374458602187, ""support"": 25925}, ""weighted avg"": {""precision"": 0.971689203182668, ""recall"": 0.9510511089681775, ""f1-score"": 0.9576340043261228, ""support"": 25925}}"
0,78516,1e-06,16,2.1785809544559855,0.9506511309115833,0.9555367573428348,3.865404160145451,0.9471166827386692,0.9544999507909103,"              precision    recall  f1-score   support

       LOC_B     0.5389    0.9203    0.6798       301
       LOC_I     0.6271    0.6167    0.6218       120
           O     0.9986    0.9488    0.9731     24118
       ORG_B     0.4705    0.9835    0.6365       544
       ORG_I     0.4859    0.9249    0.6371       373
       PER_B     0.7657    0.9371    0.8428       286
       PER_I     0.9500    0.9344    0.9421       183

    accuracy                         0.9471     25925
   macro avg     0.6910    0.8951    0.7619     25925
weighted avg     0.9702    0.9471    0.9545     25925
","{""LOC_B"": {""precision"": 0.5389105058365758, ""recall"": 0.920265780730897, ""f1-score"": 0.6797546012269938, ""support"": 301}, ""LOC_I"": {""precision"": 0.6271186440677966, ""recall"": 0.6166666666666667, ""f1-score"": 0.6218487394957983, ""support"": 120}, ""O"": {""precision"": 0.998603595740967, ""recall"": 0.9488348950990961, ""f1-score"": 0.9730833014415105, ""support"": 24118}, ""ORG_B"": {""precision"": 0.47053649956024624, ""recall"": 0.9834558823529411, ""f1-score"": 0.6365258774538965, ""support"": 544}, ""ORG_I"": {""precision"": 0.4859154929577465, ""recall"": 0.9249329758713136, ""f1-score"": 0.6371191135734072, ""support"": 373}, ""PER_B"": {""precision"": 0.7657142857142857, ""recall"": 0.9370629370629371, ""f1-score"": 0.8427672955974844, ""support"": 286}, ""PER_I"": {""precision"": 0.95, ""recall"": 0.9344262295081968, ""f1-score"": 0.9421487603305784, ""support"": 183}, ""accuracy"": 0.9471166827386692, ""macro avg"": {""precision"": 0.6909712891253739, ""recall"": 0.8950921953274353, ""f1-score"": 0.7618925270170955, ""support"": 25925}, ""weighted avg"": {""precision"": 0.9701774519565625, ""recall"": 0.9471166827386692, ""f1-score"": 0.9544999507909103, ""support"": 25925}}"
0,78516,1e-06,8,1.6400376935398169,0.956330167433663,0.9603695845171533,1.9401785793748718,0.9540212150433944,0.9599710228770031,"              precision    recall  f1-score   support

       LOC_B     0.6123    0.9236    0.7364       301
       LOC_I     0.7000    0.6417    0.6696       120
           O     0.9987    0.9563    0.9770     24118
       ORG_B     0.4740    0.9890    0.6409       544
       ORG_I     0.5521    0.9088    0.6869       373
       PER_B     0.7899    0.9336    0.8558       286
       PER_I     0.9500    0.9344    0.9421       183

    accuracy                         0.9540     25925
   macro avg     0.7253    0.8982    0.7870     25925
weighted avg     0.9727    0.9540    0.9600     25925
","{""LOC_B"": {""precision"": 0.6123348017621145, ""recall"": 0.9235880398671097, ""f1-score"": 0.7364238410596027, ""support"": 301}, ""LOC_I"": {""precision"": 0.7, ""recall"": 0.6416666666666667, ""f1-score"": 0.6695652173913043, ""support"": 120}, ""O"": {""precision"": 0.9986576599982679, ""recall"": 0.9562567377062775, ""f1-score"": 0.9769973735490978, ""support"": 24118}, ""ORG_B"": {""precision"": 0.47400881057268723, ""recall"": 0.9889705882352942, ""f1-score"": 0.6408576533650984, ""support"": 544}, ""ORG_I"": {""precision"": 0.5521172638436482, ""recall"": 0.9088471849865952, ""f1-score"": 0.6869300911854104, ""support"": 373}, ""PER_B"": {""precision"": 0.7899408284023669, ""recall"": 0.9335664335664335, ""f1-score"": 0.8557692307692307, ""support"": 286}, ""PER_I"": {""precision"": 0.95, ""recall"": 0.9344262295081968, ""f1-score"": 0.9421487603305784, ""support"": 183}, ""accuracy"": 0.9540212150433944, ""macro avg"": {""precision"": 0.7252941949398694, ""recall"": 0.8981888400766534, ""f1-score"": 0.7869560239500462, ""support"": 25925}, ""weighted avg"": {""precision"": 0.9727101958903345, ""recall"": 0.9540212150433944, ""f1-score"": 0.9599710228770031, ""support"": 25925}}"
0,78516,1e-06,4,0.5956249982210817,0.9682757270145892,0.9705136003718169,1.0352144691648246,0.9626229508196721,0.966725308277342,"              precision    recall  f1-score   support

       LOC_B     0.6517    0.9136    0.7607       301
       LOC_I     0.7182    0.6583    0.6870       120
           O     0.9985    0.9653    0.9816     24118
       ORG_B     0.5296    0.9871    0.6893       544
       ORG_I     0.6091    0.9357    0.7378       373
       PER_B     0.8381    0.9231    0.8785       286
       PER_I     0.9716    0.9344    0.9526       183

    accuracy                         0.9626     25925
   macro avg     0.7595    0.9025    0.8125     25925
weighted avg     0.9758    0.9626    0.9667     25925
","{""LOC_B"": {""precision"": 0.6516587677725119, ""recall"": 0.9136212624584718, ""f1-score"": 0.760719225449516, ""support"": 301}, ""LOC_I"": {""precision"": 0.7181818181818181, ""recall"": 0.6583333333333333, ""f1-score"": 0.6869565217391305, ""support"": 120}, ""O"": {""precision"": 0.9985417113446279, ""recall"": 0.9652956298200515, ""f1-score"": 0.9816372567621698, ""support"": 24118}, ""ORG_B"": {""precision"": 0.5295857988165681, ""recall"": 0.9871323529411765, ""f1-score"": 0.6893453145057766, ""support"": 544}, ""ORG_I"": {""precision"": 0.6090750436300174, ""recall"": 0.935656836461126, ""f1-score"": 0.7378435517970401, ""support"": 373}, ""PER_B"": {""precision"": 0.8380952380952381, ""recall"": 0.9230769230769231, ""f1-score"": 0.8785357737104825, ""support"": 286}, ""PER_I"": {""precision"": 0.9715909090909091, ""recall"": 0.9344262295081968, ""f1-score"": 0.9526462395543176, ""support"": 183}, ""accuracy"": 0.9626229508196721, ""macro avg"": {""precision"": 0.7595327552759558, ""recall"": 0.9025060810856113, ""f1-score"": 0.8125262690740618, ""support"": 25925}, ""weighted avg"": {""precision"": 0.9758123873396399, ""recall"": 0.9626229508196721, ""f1-score"": 0.966725308277342, ""support"": 25925}}"
0,78516,1e-07,32,64.84384745817918,0.895231567609909,0.853016730395229,63.49935312130872,0.924937319189971,0.8948139378949749,"              precision    recall  f1-score   support

       LOC_B     0.0000    0.0000    0.0000       301
       LOC_I     0.0000    0.0000    0.0000       120
           O     0.9306    0.9938    0.9612     24118
       ORG_B     0.0647    0.0202    0.0308       544
       ORG_I     0.0000    0.0000    0.0000       373
       PER_B     0.0000    0.0000    0.0000       286
       PER_I     0.0000    0.0000    0.0000       183

    accuracy                         0.9249     25925
   macro avg     0.1422    0.1449    0.1417     25925
weighted avg     0.8671    0.9249    0.8948     25925
","{""LOC_B"": {""precision"": 0.0, ""recall"": 0.0, ""f1-score"": 0.0, ""support"": 301}, ""LOC_I"": {""precision"": 0.0, ""recall"": 0.0, ""f1-score"": 0.0, ""support"": 120}, ""O"": {""precision"": 0.9306154144826247, ""recall"": 0.9937805788207977, ""f1-score"": 0.9611613498285645, ""support"": 24118}, ""ORG_B"": {""precision"": 0.06470588235294118, ""recall"": 0.02022058823529412, ""f1-score"": 0.03081232492997199, ""support"": 544}, ""ORG_I"": {""precision"": 0.0, ""recall"": 0.0, ""f1-score"": 0.0, ""support"": 373}, ""PER_B"": {""precision"": 0.0, ""recall"": 0.0, ""f1-score"": 0.0, ""support"": 286}, ""PER_I"": {""precision"": 0.0, ""recall"": 0.0, ""f1-score"": 0.0, ""support"": 183}, ""accuracy"": 0.924937319189971, ""macro avg"": {""precision"": 0.14218875669079514, ""recall"": 0.14485730957944168, ""f1-score"": 0.1417105249655052, ""support"": 25925}, ""weighted avg"": {""precision"": 0.8671082957181078, ""recall"": 0.924937319189971, ""f1-score"": 0.8948139378949749, ""support"": 25925}}"
0,78516,1e-07,16,64.84384745817918,0.895231567609909,0.0,31.348555822582806,0.924937319189971,0.8948139378949749,"              precision    recall  f1-score   support

       LOC_B     0.0000    0.0000    0.0000       301
       LOC_I     0.0000    0.0000    0.0000       120
           O     0.9306    0.9938    0.9612     24118
       ORG_B     0.0647    0.0202    0.0308       544
       ORG_I     0.0000    0.0000    0.0000       373
       PER_B     0.0000    0.0000    0.0000       286
       PER_I     0.0000    0.0000    0.0000       183

    accuracy                         0.9249     25925
   macro avg     0.1422    0.1449    0.1417     25925
weighted avg     0.8671    0.9249    0.8948     25925
","{""LOC_B"": {""precision"": 0.0, ""recall"": 0.0, ""f1-score"": 0.0, ""support"": 301}, ""LOC_I"": {""precision"": 0.0, ""recall"": 0.0, ""f1-score"": 0.0, ""support"": 120}, ""O"": {""precision"": 0.9306154144826247, ""recall"": 0.9937805788207977, ""f1-score"": 0.9611613498285645, ""support"": 24118}, ""ORG_B"": {""precision"": 0.06470588235294118, ""recall"": 0.02022058823529412, ""f1-score"": 0.03081232492997199, ""support"": 544}, ""ORG_I"": {""precision"": 0.0, ""recall"": 0.0, ""f1-score"": 0.0, ""support"": 373}, ""PER_B"": {""precision"": 0.0, ""recall"": 0.0, ""f1-score"": 0.0, ""support"": 286}, ""PER_I"": {""precision"": 0.0, ""recall"": 0.0, ""f1-score"": 0.0, ""support"": 183}, ""accuracy"": 0.924937319189971, ""macro avg"": {""precision"": 0.14218875669079514, ""recall"": 0.14485730957944168, ""f1-score"": 0.1417105249655052, ""support"": 25925}, ""weighted avg"": {""precision"": 0.8671082957181078, ""recall"": 0.924937319189971, ""f1-score"": 0.8948139378949749, ""support"": 25925}}"
0,78516,1e-07,8,1.2976196078108806,0.925389209830608,0.9353756847789125,1.9592734525049174,0.9242044358727097,0.9378524620743397,"              precision    recall  f1-score   support

       LOC_B     0.4038    0.9070    0.5589       301
       LOC_I     0.6789    0.6167    0.6463       120
           O     0.9990    0.9247    0.9604     24118
       ORG_B     0.3800    0.9779    0.5473       544
       ORG_I     0.4051    0.9330    0.5649       373
       PER_B     0.7011    0.9266    0.7982       286
       PER_I     0.9330    0.9126    0.9227       183

    accuracy                         0.9242     25925
   macro avg     0.6430    0.8855    0.7141     25925
weighted avg     0.9653    0.9242    0.9379     25925
","{""LOC_B"": {""precision"": 0.40384615384615385, ""recall"": 0.9069767441860465, ""f1-score"": 0.5588536335721597, ""support"": 301}, ""LOC_I"": {""precision"": 0.6788990825688074, ""recall"": 0.6166666666666667, ""f1-score"": 0.6462882096069871, ""support"": 120}, ""O"": {""precision"": 0.9989697186884071, ""recall"": 0.92466207811593, ""f1-score"": 0.9603806898927696, ""support"": 24118}, ""ORG_B"": {""precision"": 0.38, ""recall"": 0.9779411764705882, ""f1-score"": 0.5473251028806584, ""support"": 544}, ""ORG_I"": {""precision"": 0.4051222351571595, ""recall"": 0.9329758713136729, ""f1-score"": 0.564935064935065, ""support"": 373}, ""PER_B"": {""precision"": 0.701058201058201, ""recall"": 0.9265734265734266, ""f1-score"": 0.7981927710843374, ""support"": 286}, ""PER_I"": {""precision"": 0.9329608938547486, ""recall"": 0.912568306010929, ""f1-score"": 0.9226519337016574, ""support"": 183}, ""accuracy"": 0.9242044358727097, ""macro avg"": {""precision"": 0.6429794693104968, ""recall"": 0.8854806099053228, ""f1-score"": 0.7140896293819479, ""support"": 25925}, ""weighted avg"": {""precision"": 0.9652938221922716, ""recall"": 0.9242044358727097, ""f1-score"": 0.9378524620743397, ""support"": 25925}}"
0,78516,1e-07,4,0.7793966995386203,0.9227455204151571,0.9333783981371585,1.1245552850229368,0.9262873674059788,0.9392675524233136,"              precision    recall  f1-score   support

       LOC_B     0.5345    0.9003    0.6708       301
       LOC_I     0.8305    0.4083    0.5475       120
           O     0.9980    0.9284    0.9619     24118
       ORG_B     0.3655    0.9669    0.5305       544
       ORG_I     0.3754    0.9249    0.5341       373
       PER_B     0.6777    0.9266    0.7829       286
       PER_I     0.9600    0.9180    0.9385       183

    accuracy                         0.9263     25925
   macro avg     0.6774    0.8534    0.7095     25925
weighted avg     0.9658    0.9263    0.9393     25925
","{""LOC_B"": {""precision"": 0.534516765285996, ""recall"": 0.9003322259136213, ""f1-score"": 0.6707920792079208, ""support"": 301}, ""LOC_I"": {""precision"": 0.8305084745762712, ""recall"": 0.4083333333333333, ""f1-score"": 0.5474860335195532, ""support"": 120}, ""O"": {""precision"": 0.9979942054825051, ""recall"": 0.92835226801559, ""f1-score"": 0.9619143771615148, ""support"": 24118}, ""ORG_B"": {""precision"": 0.3655316191799861, ""recall"": 0.9669117647058824, ""f1-score"": 0.5305093292990418, ""support"": 544}, ""ORG_I"": {""precision"": 0.3754080522306855, ""recall"": 0.9249329758713136, ""f1-score"": 0.5340557275541795, ""support"": 373}, ""PER_B"": {""precision"": 0.6777493606138107, ""recall"": 0.9265734265734266, ""f1-score"": 0.7828655834564253, ""support"": 286}, ""PER_I"": {""precision"": 0.96, ""recall"": 0.9180327868852459, ""f1-score"": 0.9385474860335195, ""support"": 183}, ""accuracy"": 0.9262873674059788, ""macro avg"": {""precision"": 0.6773869253384649, ""recall"": 0.8533526830426305, ""f1-score"": 0.7094529451760222, ""support"": 25925}, ""weighted avg"": {""precision"": 0.9658078122499055, ""recall"": 0.9262873674059788, ""f1-score"": 0.9392675524233136, ""support"": 25925}}"
0,944601,0.0001,32,7.951572876710158,0.962890433760893,0.9656436178267164,14.333754721371566,0.9484667309546769,0.9561376980577785,"              precision    recall  f1-score   support

       LOC_B     0.5810    0.8339    0.6849       301
       LOC_I     0.8654    0.3750    0.5233       120
           O     0.9987    0.9541    0.9759     24118
       ORG_B     0.4931    0.9816    0.6564       544
       ORG_I     0.3762    0.8633    0.5240       373
       PER_B     0.8935    0.9091    0.9012       286
       PER_I     0.9708    0.9071    0.9379       183

    accuracy                         0.9485     25925
   macro avg     0.7398    0.8320    0.7434     25925
weighted avg     0.9723    0.9485    0.9561     25925
","{""LOC_B"": {""precision"": 0.5810185185185185, ""recall"": 0.8338870431893688, ""f1-score"": 0.684856753069577, ""support"": 301}, ""LOC_I"": {""precision"": 0.8653846153846154, ""recall"": 0.375, ""f1-score"": 0.5232558139534884, ""support"": 120}, ""O"": {""precision"": 0.9987413194444444, ""recall"": 0.9541006716974874, ""f1-score"": 0.9759107680563213, ""support"": 24118}, ""ORG_B"": {""precision"": 0.4930747922437673, ""recall"": 0.9816176470588235, ""f1-score"": 0.6564228641671789, ""support"": 544}, ""ORG_I"": {""precision"": 0.37616822429906543, ""recall"": 0.8632707774798928, ""f1-score"": 0.5240032546786005, ""support"": 373}, ""PER_B"": {""precision"": 0.8934707903780069, ""recall"": 0.9090909090909091, ""f1-score"": 0.9012131715771231, ""support"": 286}, ""PER_I"": {""precision"": 0.9707602339181286, ""recall"": 0.907103825136612, ""f1-score"": 0.9378531073446328, ""support"": 183}, ""accuracy"": 0.9484667309546769, ""macro avg"": {""precision"": 0.7398026420266496, ""recall"": 0.8320101248075847, ""f1-score"": 0.7433593904067032, ""support"": 25925}, ""weighted avg"": {""precision"": 0.9723471966742769, ""recall"": 0.9484667309546769, ""f1-score"": 0.9561376980577785, ""support"": 25925}}"
0,944601,0.0001,16,7.951572876710158,0.962890433760893,0.0,6.362982406664421,0.9484667309546769,0.9561376980577785,"              precision    recall  f1-score   support

       LOC_B     0.5810    0.8339    0.6849       301
       LOC_I     0.8654    0.3750    0.5233       120
           O     0.9987    0.9541    0.9759     24118
       ORG_B     0.4931    0.9816    0.6564       544
       ORG_I     0.3762    0.8633    0.5240       373
       PER_B     0.8935    0.9091    0.9012       286
       PER_I     0.9708    0.9071    0.9379       183

    accuracy                         0.9485     25925
   macro avg     0.7398    0.8320    0.7434     25925
weighted avg     0.9723    0.9485    0.9561     25925
","{""LOC_B"": {""precision"": 0.5810185185185185, ""recall"": 0.8338870431893688, ""f1-score"": 0.684856753069577, ""support"": 301}, ""LOC_I"": {""precision"": 0.8653846153846154, ""recall"": 0.375, ""f1-score"": 0.5232558139534884, ""support"": 120}, ""O"": {""precision"": 0.9987413194444444, ""recall"": 0.9541006716974874, ""f1-score"": 0.9759107680563213, ""support"": 24118}, ""ORG_B"": {""precision"": 0.4930747922437673, ""recall"": 0.9816176470588235, ""f1-score"": 0.6564228641671789, ""support"": 544}, ""ORG_I"": {""precision"": 0.37616822429906543, ""recall"": 0.8632707774798928, ""f1-score"": 0.5240032546786005, ""support"": 373}, ""PER_B"": {""precision"": 0.8934707903780069, ""recall"": 0.9090909090909091, ""f1-score"": 0.9012131715771231, ""support"": 286}, ""PER_I"": {""precision"": 0.9707602339181286, ""recall"": 0.907103825136612, ""f1-score"": 0.9378531073446328, ""support"": 183}, ""accuracy"": 0.9484667309546769, ""macro avg"": {""precision"": 0.7398026420266496, ""recall"": 0.8320101248075847, ""f1-score"": 0.7433593904067032, ""support"": 25925}, ""weighted avg"": {""precision"": 0.9723471966742769, ""recall"": 0.9484667309546769, ""f1-score"": 0.9561376980577785, ""support"": 25925}}"
0,944601,0.0001,8,7.951572876710158,0.962890433760893,0.0,3.1671379002570004,0.9484667309546769,0.9561376980577785,"              precision    recall  f1-score   support

       LOC_B     0.5810    0.8339    0.6849       301
       LOC_I     0.8654    0.3750    0.5233       120
           O     0.9987    0.9541    0.9759     24118
       ORG_B     0.4931    0.9816    0.6564       544
       ORG_I     0.3762    0.8633    0.5240       373
       PER_B     0.8935    0.9091    0.9012       286
       PER_I     0.9708    0.9071    0.9379       183

    accuracy                         0.9485     25925
   macro avg     0.7398    0.8320    0.7434     25925
weighted avg     0.9723    0.9485    0.9561     25925
","{""LOC_B"": {""precision"": 0.5810185185185185, ""recall"": 0.8338870431893688, ""f1-score"": 0.684856753069577, ""support"": 301}, ""LOC_I"": {""precision"": 0.8653846153846154, ""recall"": 0.375, ""f1-score"": 0.5232558139534884, ""support"": 120}, ""O"": {""precision"": 0.9987413194444444, ""recall"": 0.9541006716974874, ""f1-score"": 0.9759107680563213, ""support"": 24118}, ""ORG_B"": {""precision"": 0.4930747922437673, ""recall"": 0.9816176470588235, ""f1-score"": 0.6564228641671789, ""support"": 544}, ""ORG_I"": {""precision"": 0.37616822429906543, ""recall"": 0.8632707774798928, ""f1-score"": 0.5240032546786005, ""support"": 373}, ""PER_B"": {""precision"": 0.8934707903780069, ""recall"": 0.9090909090909091, ""f1-score"": 0.9012131715771231, ""support"": 286}, ""PER_I"": {""precision"": 0.9707602339181286, ""recall"": 0.907103825136612, ""f1-score"": 0.9378531073446328, ""support"": 183}, ""accuracy"": 0.9484667309546769, ""macro avg"": {""precision"": 0.7398026420266496, ""recall"": 0.8320101248075847, ""f1-score"": 0.7433593904067032, ""support"": 25925}, ""weighted avg"": {""precision"": 0.9723471966742769, ""recall"": 0.9484667309546769, ""f1-score"": 0.9561376980577785, ""support"": 25925}}"
0,944601,0.0001,4,7.951572876710158,0.962890433760893,0.0,1.45095705949324,0.9484667309546769,0.9561376980577785,"              precision    recall  f1-score   support

       LOC_B     0.5810    0.8339    0.6849       301
       LOC_I     0.8654    0.3750    0.5233       120
           O     0.9987    0.9541    0.9759     24118
       ORG_B     0.4931    0.9816    0.6564       544
       ORG_I     0.3762    0.8633    0.5240       373
       PER_B     0.8935    0.9091    0.9012       286
       PER_I     0.9708    0.9071    0.9379       183

    accuracy                         0.9485     25925
   macro avg     0.7398    0.8320    0.7434     25925
weighted avg     0.9723    0.9485    0.9561     25925
","{""LOC_B"": {""precision"": 0.5810185185185185, ""recall"": 0.8338870431893688, ""f1-score"": 0.684856753069577, ""support"": 301}, ""LOC_I"": {""precision"": 0.8653846153846154, ""recall"": 0.375, ""f1-score"": 0.5232558139534884, ""support"": 120}, ""O"": {""precision"": 0.9987413194444444, ""recall"": 0.9541006716974874, ""f1-score"": 0.9759107680563213, ""support"": 24118}, ""ORG_B"": {""precision"": 0.4930747922437673, ""recall"": 0.9816176470588235, ""f1-score"": 0.6564228641671789, ""support"": 544}, ""ORG_I"": {""precision"": 0.37616822429906543, ""recall"": 0.8632707774798928, ""f1-score"": 0.5240032546786005, ""support"": 373}, ""PER_B"": {""precision"": 0.8934707903780069, ""recall"": 0.9090909090909091, ""f1-score"": 0.9012131715771231, ""support"": 286}, ""PER_I"": {""precision"": 0.9707602339181286, ""recall"": 0.907103825136612, ""f1-score"": 0.9378531073446328, ""support"": 183}, ""accuracy"": 0.9484667309546769, ""macro avg"": {""precision"": 0.7398026420266496, ""recall"": 0.8320101248075847, ""f1-score"": 0.7433593904067032, ""support"": 25925}, ""weighted avg"": {""precision"": 0.9723471966742769, ""recall"": 0.9484667309546769, ""f1-score"": 0.9561376980577785, ""support"": 25925}}"
0,944601,1e-05,32,4.196652170557242,0.9716048173896015,0.9734984519410489,7.1105828548178955,0.9664416586306653,0.9700091603559217,"              precision    recall  f1-score   support

       LOC_B     0.6847    0.9236    0.7864       301
       LOC_I     0.8061    0.6583    0.7248       120
           O     0.9987    0.9686    0.9834     24118
       ORG_B     0.5830    0.9816    0.7315       544
       ORG_I     0.5524    0.9464    0.6976       373
       PER_B     0.9324    0.9650    0.9485       286
       PER_I     0.9775    0.9508    0.9640       183

    accuracy                         0.9664     25925
   macro avg     0.7907    0.9135    0.8337     25925
weighted avg     0.9781    0.9664    0.9700     25925
","{""LOC_B"": {""precision"": 0.6847290640394089, ""recall"": 0.9235880398671097, ""f1-score"": 0.7864214992927865, ""support"": 301}, ""LOC_I"": {""precision"": 0.8061224489795918, ""recall"": 0.6583333333333333, ""f1-score"": 0.7247706422018348, ""support"": 120}, ""O"": {""precision"": 0.9986747606019152, ""recall"": 0.9686126544489593, ""f1-score"": 0.9834140181014523, ""support"": 24118}, ""ORG_B"": {""precision"": 0.5829694323144105, ""recall"": 0.9816176470588235, ""f1-score"": 0.7315068493150684, ""support"": 544}, ""ORG_I"": {""precision"": 0.5524256651017214, ""recall"": 0.9463806970509383, ""f1-score"": 0.6976284584980237, ""support"": 373}, ""PER_B"": {""precision"": 0.9324324324324325, ""recall"": 0.965034965034965, ""f1-score"": 0.9484536082474226, ""support"": 286}, ""PER_I"": {""precision"": 0.9775280898876404, ""recall"": 0.9508196721311475, ""f1-score"": 0.9639889196675899, ""support"": 183}, ""accuracy"": 0.9664416586306653, ""macro avg"": {""precision"": 0.7906974133367315, ""recall"": 0.9134838584178965, ""f1-score"": 0.8337405707605968, ""support"": 25925}, ""weighted avg"": {""precision"": 0.9781149268558341, ""recall"": 0.9664416586306653, ""f1-score"": 0.9700091603559217, ""support"": 25925}}"
0,944601,1e-05,16,2.8426573001421414,0.9785567414080094,0.979688071100346,3.1874878378037144,0.9737319189971071,0.9759617589396494,"              precision    recall  f1-score   support

       LOC_B     0.8080    0.9369    0.8677       301
       LOC_I     0.7800    0.6500    0.7091       120
           O     0.9984    0.9767    0.9874     24118
       ORG_B     0.6393    0.9743    0.7720       544
       ORG_I     0.6000    0.9410    0.7328       373
       PER_B     0.9414    0.9545    0.9479       286
       PER_I     0.9721    0.9508    0.9613       183

    accuracy                         0.9737     25925
   macro avg     0.8199    0.9120    0.8540     25925
weighted avg     0.9811    0.9737    0.9760     25925
","{""LOC_B"": {""precision"": 0.8080229226361032, ""recall"": 0.9368770764119602, ""f1-score"": 0.8676923076923078, ""support"": 301}, ""LOC_I"": {""precision"": 0.78, ""recall"": 0.65, ""f1-score"": 0.709090909090909, ""support"": 120}, ""O"": {""precision"": 0.9984317382274404, ""recall"": 0.9766979019819222, ""f1-score"": 0.9874452432353126, ""support"": 24118}, ""ORG_B"": {""precision"": 0.6393244873341375, ""recall"": 0.9742647058823529, ""f1-score"": 0.7720320466132556, ""support"": 544}, ""ORG_I"": {""precision"": 0.6, ""recall"": 0.9410187667560321, ""f1-score"": 0.7327766179540709, ""support"": 373}, ""PER_B"": {""precision"": 0.9413793103448276, ""recall"": 0.9545454545454546, ""f1-score"": 0.9479166666666667, ""support"": 286}, ""PER_I"": {""precision"": 0.9720670391061452, ""recall"": 0.9508196721311475, ""f1-score"": 0.9613259668508287, ""support"": 183}, ""accuracy"": 0.9737319189971071, ""macro avg"": {""precision"": 0.8198893568069506, ""recall"": 0.9120319396726956, ""f1-score"": 0.8540399654433359, ""support"": 25925}, ""weighted avg"": {""precision"": 0.981126589558638, ""recall"": 0.9737319189971071, ""f1-score"": 0.9759617589396494, ""support"": 25925}}"
0,944601,1e-05,8,1.1623847381960528,0.9770880250660923,0.9784825730432714,2.009424078040239,0.9697589199614272,0.9727027549576592,"              precision    recall  f1-score   support

       LOC_B     0.7560    0.9369    0.8368       301
       LOC_I     0.6930    0.6583    0.6752       120
           O     0.9986    0.9726    0.9854     24118
       ORG_B     0.5900    0.9761    0.7355       544
       ORG_I     0.5949    0.9330    0.7265       373
       PER_B     0.9412    0.9510    0.9461       286
       PER_I     0.9885    0.9399    0.9636       183

    accuracy                         0.9698     25925
   macro avg     0.7946    0.9097    0.8384     25925
weighted avg     0.9793    0.9698    0.9727     25925
","{""LOC_B"": {""precision"": 0.7560321715817694, ""recall"": 0.9368770764119602, ""f1-score"": 0.8367952522255193, ""support"": 301}, ""LOC_I"": {""precision"": 0.6929824561403509, ""recall"": 0.6583333333333333, ""f1-score"": 0.6752136752136753, ""support"": 120}, ""O"": {""precision"": 0.9985951468710089, ""recall"": 0.9725930840036487, ""f1-score"": 0.985422618047387, ""support"": 24118}, ""ORG_B"": {""precision"": 0.59, ""recall"": 0.9761029411764706, ""f1-score"": 0.7354570637119113, ""support"": 544}, ""ORG_I"": {""precision"": 0.5948717948717949, ""recall"": 0.9329758713136729, ""f1-score"": 0.7265135699373696, ""support"": 373}, ""PER_B"": {""precision"": 0.9411764705882353, ""recall"": 0.951048951048951, ""f1-score"": 0.9460869565217391, ""support"": 286}, ""PER_I"": {""precision"": 0.9885057471264368, ""recall"": 0.9398907103825137, ""f1-score"": 0.9635854341736695, ""support"": 183}, ""accuracy"": 0.9697589199614272, ""macro avg"": {""precision"": 0.7945948267399423, ""recall"": 0.9096888525243643, ""f1-score"": 0.8384392242616101, ""support"": 25925}, ""weighted avg"": {""precision"": 0.9792772047219865, ""recall"": 0.9697589199614272, ""f1-score"": 0.9727027549576592, ""support"": 25925}}"
0,944601,1e-05,4,0.4179928313737901,0.97375893469108,0.975493393614514,0.8900665434191634,0.966480231436837,0.9700104685505063,"              precision    recall  f1-score   support

       LOC_B     0.6513    0.9369    0.7684       301
       LOC_I     0.8111    0.6083    0.6952       120
           O     0.9988    0.9693    0.9838     24118
       ORG_B     0.5439    0.9798    0.6995       544
       ORG_I     0.6345    0.9169    0.7500       373
       PER_B     0.9192    0.9545    0.9365       286
       PER_I     0.9722    0.9563    0.9642       183

    accuracy                         0.9665     25925
   macro avg     0.7901    0.9031    0.8282     25925
weighted avg     0.9780    0.9665    0.9700     25925
","{""LOC_B"": {""precision"": 0.651270207852194, ""recall"": 0.9368770764119602, ""f1-score"": 0.7683923705722071, ""support"": 301}, ""LOC_I"": {""precision"": 0.8111111111111111, ""recall"": 0.6083333333333333, ""f1-score"": 0.6952380952380952, ""support"": 120}, ""O"": {""precision"": 0.9988037255404597, ""recall"": 0.9693175221826023, ""f1-score"": 0.9838397441292821, ""support"": 24118}, ""ORG_B"": {""precision"": 0.5438775510204081, ""recall"": 0.9797794117647058, ""f1-score"": 0.6994750656167978, ""support"": 544}, ""ORG_I"": {""precision"": 0.634508348794063, ""recall"": 0.9168900804289544, ""f1-score"": 0.7499999999999999, ""support"": 373}, ""PER_B"": {""precision"": 0.9191919191919192, ""recall"": 0.9545454545454546, ""f1-score"": 0.9365351629502573, ""support"": 286}, ""PER_I"": {""precision"": 0.9722222222222222, ""recall"": 0.9562841530054644, ""f1-score"": 0.9641873278236913, ""support"": 183}, ""accuracy"": 0.966480231436837, ""macro avg"": {""precision"": 0.7901407265331969, ""recall"": 0.9031467188103536, ""f1-score"": 0.8282382523329045, ""support"": 25925}, ""weighted avg"": {""precision"": 0.9780466914519766, ""recall"": 0.966480231436837, ""f1-score"": 0.9700104685505063, ""support"": 25925}}"
0,944601,1e-06,32,5.2622110568560085,0.9420346617056693,0.9484922748897301,7.928270393763395,0.9385149469623915,0.9482905169075364,"              precision    recall  f1-score   support

       LOC_B     0.5549    0.9070    0.6885       301
       LOC_I     0.6636    0.6083    0.6348       120
           O     0.9987    0.9398    0.9684     24118
       ORG_B     0.4136    0.9816    0.5820       544
       ORG_I     0.4378    0.9249    0.5943       373
       PER_B     0.7216    0.9336    0.8140       286
       PER_I     0.9663    0.9399    0.9529       183

    accuracy                         0.9385     25925
   macro avg     0.6795    0.8907    0.7479     25925
weighted avg     0.9684    0.9385    0.9483     25925
","{""LOC_B"": {""precision"": 0.5548780487804879, ""recall"": 0.9069767441860465, ""f1-score"": 0.6885245901639344, ""support"": 301}, ""LOC_I"": {""precision"": 0.6636363636363637, ""recall"": 0.6083333333333333, ""f1-score"": 0.6347826086956522, ""support"": 120}, ""O"": {""precision"": 0.9987222418047234, ""recall"": 0.9398374657931835, ""f1-score"": 0.968385525697441, ""support"": 24118}, ""ORG_B"": {""precision"": 0.4136328427575523, ""recall"": 0.9816176470588235, ""f1-score"": 0.5820163487738419, ""support"": 544}, ""ORG_I"": {""precision"": 0.43781725888324874, ""recall"": 0.9249329758713136, ""f1-score"": 0.5943152454780362, ""support"": 373}, ""PER_B"": {""precision"": 0.7216216216216216, ""recall"": 0.9335664335664335, ""f1-score"": 0.8140243902439024, ""support"": 286}, ""PER_I"": {""precision"": 0.9662921348314607, ""recall"": 0.9398907103825137, ""f1-score"": 0.9529085872576177, ""support"": 183}, ""accuracy"": 0.9385149469623915, ""macro avg"": {""precision"": 0.6795143589022083, ""recall"": 0.8907364728845211, ""f1-score"": 0.7478510423300607, ""support"": 25925}, ""weighted avg"": {""precision"": 0.9683847650008528, ""recall"": 0.9385149469623915, ""f1-score"": 0.9482905169075364, ""support"": 25925}}"
0,944601,1e-06,16,2.9568347389308305,0.958778028003525,0.9623673616252825,3.8680826462257434,0.9547926711668274,0.9603774634655415,"              precision    recall  f1-score   support

       LOC_B     0.5521    0.9336    0.6938       301
       LOC_I     0.6696    0.6417    0.6553       120
           O     0.9987    0.9568    0.9773     24118
       ORG_B     0.5086    0.9835    0.6704       544
       ORG_I     0.5561    0.9169    0.6923       373
       PER_B     0.7791    0.9371    0.8508       286
       PER_I     0.9454    0.9454    0.9454       183

    accuracy                         0.9548     25925
   macro avg     0.7156    0.9021    0.7836     25925
weighted avg     0.9725    0.9548    0.9604     25925
","{""LOC_B"": {""precision"": 0.5520628683693517, ""recall"": 0.9335548172757475, ""f1-score"": 0.6938271604938272, ""support"": 301}, ""LOC_I"": {""precision"": 0.6695652173913044, ""recall"": 0.6416666666666667, ""f1-score"": 0.6553191489361703, ""support"": 120}, ""O"": {""precision"": 0.9987016921279266, ""recall"": 0.9568372170163364, ""f1-score"": 0.9773213340391742, ""support"": 24118}, ""ORG_B"": {""precision"": 0.5085551330798479, ""recall"": 0.9834558823529411, ""f1-score"": 0.6704260651629073, ""support"": 544}, ""ORG_I"": {""precision"": 0.5560975609756098, ""recall"": 0.9168900804289544, ""f1-score"": 0.6923076923076923, ""support"": 373}, ""PER_B"": {""precision"": 0.7790697674418605, ""recall"": 0.9370629370629371, ""f1-score"": 0.8507936507936509, ""support"": 286}, ""PER_I"": {""precision"": 0.9453551912568307, ""recall"": 0.9453551912568307, ""f1-score"": 0.9453551912568307, ""support"": 183}, ""accuracy"": 0.9547926711668274, ""macro avg"": {""precision"": 0.7156296329489616, ""recall"": 0.9021175417229162, ""f1-score"": 0.7836214632843219, ""support"": 25925}, ""weighted avg"": {""precision"": 0.9725399612858313, ""recall"": 0.9547926711668274, ""f1-score"": 0.9603774634655415, ""support"": 25925}}"
0,944601,1e-06,8,1.332900043905658,0.9607363164594145,0.9643169899068258,2.110506866035414,0.957029893924783,0.9624937950336309,"              precision    recall  f1-score   support

       LOC_B     0.6228    0.9435    0.7503       301
       LOC_I     0.7723    0.6500    0.7059       120
           O     0.9988    0.9585    0.9782     24118
       ORG_B     0.4741    0.9908    0.6413       544
       ORG_I     0.6060    0.9276    0.7331       373
       PER_B     0.8144    0.9510    0.8774       286
       PER_I     0.9667    0.9508    0.9587       183

    accuracy                         0.9570     25925
   macro avg     0.7507    0.9103    0.8064     25925
weighted avg     0.9745    0.9570    0.9625     25925
","{""LOC_B"": {""precision"": 0.6228070175438597, ""recall"": 0.9435215946843853, ""f1-score"": 0.750330250990753, ""support"": 301}, ""LOC_I"": {""precision"": 0.7722772277227723, ""recall"": 0.65, ""f1-score"": 0.7058823529411764, ""support"": 120}, ""O"": {""precision"": 0.9987902877387022, ""recall"": 0.9585371921386516, ""f1-score"": 0.9782498307379824, ""support"": 24118}, ""ORG_B"": {""precision"": 0.47405452946350046, ""recall"": 0.9908088235294118, ""f1-score"": 0.6412849494348603, ""support"": 544}, ""ORG_I"": {""precision"": 0.6059544658493871, ""recall"": 0.9276139410187667, ""f1-score"": 0.7330508474576272, ""support"": 373}, ""PER_B"": {""precision"": 0.8143712574850299, ""recall"": 0.951048951048951, ""f1-score"": 0.8774193548387097, ""support"": 286}, ""PER_I"": {""precision"": 0.9666666666666667, ""recall"": 0.9508196721311475, ""f1-score"": 0.9586776859504132, ""support"": 183}, ""accuracy"": 0.957029893924783, ""macro avg"": {""precision"": 0.7507030646385598, ""recall"": 0.9103357392216161, ""f1-score"": 0.8064136103359318, ""support"": 25925}, ""weighted avg"": {""precision"": 0.9744524281087807, ""recall"": 0.957029893924783, ""f1-score"": 0.9624937950336309, ""support"": 25925}}"
0,944601,1e-06,4,0.635437536240085,0.9731714481543131,0.9746673079092966,1.214332839777887,0.9681002892960463,0.9710772419785499,"              precision    recall  f1-score   support

       LOC_B     0.6958    0.9269    0.7949       301
       LOC_I     0.7248    0.6583    0.6900       120
           O     0.9988    0.9707    0.9845     24118
       ORG_B     0.5949    0.9853    0.7419       544
       ORG_I     0.6095    0.9330    0.7373       373
       PER_B     0.8464    0.9441    0.8926       286
       PER_I     0.9508    0.9508    0.9508       183

    accuracy                         0.9681     25925
   macro avg     0.7744    0.9099    0.8274     25925
weighted avg     0.9779    0.9681    0.9711     25925
","{""LOC_B"": {""precision"": 0.6957605985037406, ""recall"": 0.9269102990033222, ""f1-score"": 0.7948717948717948, ""support"": 301}, ""LOC_I"": {""precision"": 0.7247706422018348, ""recall"": 0.6583333333333333, ""f1-score"": 0.6899563318777292, ""support"": 120}, ""O"": {""precision"": 0.9987628514141889, ""recall"": 0.9707272576498881, ""f1-score"": 0.984545511890494, ""support"": 24118}, ""ORG_B"": {""precision"": 0.5948945615982242, ""recall"": 0.9852941176470589, ""f1-score"": 0.7418685121107267, ""support"": 544}, ""ORG_I"": {""precision"": 0.6094570928196147, ""recall"": 0.9329758713136729, ""f1-score"": 0.7372881355932203, ""support"": 373}, ""PER_B"": {""precision"": 0.8463949843260188, ""recall"": 0.9440559440559441, ""f1-score"": 0.8925619834710744, ""support"": 286}, ""PER_I"": {""precision"": 0.9508196721311475, ""recall"": 0.9508196721311475, ""f1-score"": 0.9508196721311475, ""support"": 183}, ""accuracy"": 0.9681002892960463, ""macro avg"": {""precision"": 0.7744086289992527, ""recall"": 0.9098737850191954, ""f1-score"": 0.8274159917065981, ""support"": 25925}, ""weighted avg"": {""precision"": 0.9778815031926577, ""recall"": 0.9681002892960463, ""f1-score"": 0.9710772419785499, ""support"": 25925}}"
0,944601,1e-07,32,62.299904163067154,0.032703417213355526,0.01852439946406742,65.47168246788137,0.01874638379942141,0.009550323539428739,"              precision    recall  f1-score   support

       LOC_B     0.0000    0.0000    0.0000       301
       LOC_I     0.0141    0.0417    0.0211       120
           O     0.9435    0.0049    0.0097     24118
       ORG_B     0.0000    0.0000    0.0000       544
       ORG_I     0.0143    0.9732    0.0282       373
       PER_B     0.0000    0.0000    0.0000       286
       PER_I     0.0385    0.0055    0.0096       183

    accuracy                         0.0187     25925
   macro avg     0.1443    0.1465    0.0098     25925
weighted avg     0.8783    0.0187    0.0096     25925
","{""LOC_B"": {""precision"": 0.0, ""recall"": 0.0, ""f1-score"": 0.0, ""support"": 301}, ""LOC_I"": {""precision"": 0.014124293785310734, ""recall"": 0.041666666666666664, ""f1-score"": 0.02109704641350211, ""support"": 120}, ""O"": {""precision"": 0.9435483870967742, ""recall"": 0.0048511485197777595, ""f1-score"": 0.009652668921706131, ""support"": 24118}, ""ORG_B"": {""precision"": 0.0, ""recall"": 0.0, ""f1-score"": 0.0, ""support"": 544}, ""ORG_I"": {""precision"": 0.014290213369026061, ""recall"": 0.9731903485254692, ""f1-score"": 0.028166828322017463, ""support"": 373}, ""PER_B"": {""precision"": 0.0, ""recall"": 0.0, ""f1-score"": 0.0, ""support"": 286}, ""PER_I"": {""precision"": 0.038461538461538464, ""recall"": 0.00546448087431694, ""f1-score"": 0.009569377990430622, ""support"": 183}, ""accuracy"": 0.01874638379942141, ""macro avg"": {""precision"": 0.1443463475303785, ""recall"": 0.14645323494089008, ""f1-score"": 0.009783703092522331, ""support"": 25925}, ""weighted avg"": {""precision"": 0.8783245371795312, ""recall"": 0.01874638379942141, ""f1-score"": 0.009550323539428739, ""support"": 25925}}"
0,944601,1e-07,16,62.299904163067154,0.032703417213355526,0.0,32.91263218837626,0.01874638379942141,0.009550323539428739,"              precision    recall  f1-score   support

       LOC_B     0.0000    0.0000    0.0000       301
       LOC_I     0.0141    0.0417    0.0211       120
           O     0.9435    0.0049    0.0097     24118
       ORG_B     0.0000    0.0000    0.0000       544
       ORG_I     0.0143    0.9732    0.0282       373
       PER_B     0.0000    0.0000    0.0000       286
       PER_I     0.0385    0.0055    0.0096       183

    accuracy                         0.0187     25925
   macro avg     0.1443    0.1465    0.0098     25925
weighted avg     0.8783    0.0187    0.0096     25925
","{""LOC_B"": {""precision"": 0.0, ""recall"": 0.0, ""f1-score"": 0.0, ""support"": 301}, ""LOC_I"": {""precision"": 0.014124293785310734, ""recall"": 0.041666666666666664, ""f1-score"": 0.02109704641350211, ""support"": 120}, ""O"": {""precision"": 0.9435483870967742, ""recall"": 0.0048511485197777595, ""f1-score"": 0.009652668921706131, ""support"": 24118}, ""ORG_B"": {""precision"": 0.0, ""recall"": 0.0, ""f1-score"": 0.0, ""support"": 544}, ""ORG_I"": {""precision"": 0.014290213369026061, ""recall"": 0.9731903485254692, ""f1-score"": 0.028166828322017463, ""support"": 373}, ""PER_B"": {""precision"": 0.0, ""recall"": 0.0, ""f1-score"": 0.0, ""support"": 286}, ""PER_I"": {""precision"": 0.038461538461538464, ""recall"": 0.00546448087431694, ""f1-score"": 0.009569377990430622, ""support"": 183}, ""accuracy"": 0.01874638379942141, ""macro avg"": {""precision"": 0.1443463475303785, ""recall"": 0.14645323494089008, ""f1-score"": 0.009783703092522331, ""support"": 25925}, ""weighted avg"": {""precision"": 0.8783245371795312, ""recall"": 0.01874638379942141, ""f1-score"": 0.009550323539428739, ""support"": 25925}}"
0,944601,1e-07,8,1.3499443062088068,0.9199060021541173,0.9313244143955492,1.9865733771412462,0.9239729990356799,0.9376151716103471,"              precision    recall  f1-score   support

       LOC_B     0.4455    0.9103    0.5983       301
       LOC_I     0.7204    0.5583    0.6291       120
           O     0.9985    0.9245    0.9601     24118
       ORG_B     0.3733    0.9779    0.5404       544
       ORG_I     0.3870    0.9276    0.5462       373
       PER_B     0.6872    0.9371    0.7929       286
       PER_I     0.9605    0.9290    0.9444       183

    accuracy                         0.9240     25925
   macro avg     0.6532    0.8807    0.7159     25925
weighted avg     0.9652    0.9240    0.9376     25925
","{""LOC_B"": {""precision"": 0.44552845528455287, ""recall"": 0.9102990033222591, ""f1-score"": 0.5982532751091703, ""support"": 301}, ""LOC_I"": {""precision"": 0.7204301075268817, ""recall"": 0.5583333333333333, ""f1-score"": 0.6291079812206573, ""support"": 120}, ""O"": {""precision"": 0.9984774528682101, ""recall"": 0.9244962268844846, ""f1-score"": 0.9600637258067989, ""support"": 24118}, ""ORG_B"": {""precision"": 0.37333333333333335, ""recall"": 0.9779411764705882, ""f1-score"": 0.5403758252920264, ""support"": 544}, ""ORG_I"": {""precision"": 0.3870246085011186, ""recall"": 0.9276139410187667, ""f1-score"": 0.5461720599842147, ""support"": 373}, ""PER_B"": {""precision"": 0.6871794871794872, ""recall"": 0.9370629370629371, ""f1-score"": 0.7928994082840237, ""support"": 286}, ""PER_I"": {""precision"": 0.96045197740113, ""recall"": 0.9289617486338798, ""f1-score"": 0.9444444444444445, ""support"": 183}, ""accuracy"": 0.9239729990356799, ""macro avg"": {""precision"": 0.6532036317278163, ""recall"": 0.8806726238180355, ""f1-score"": 0.7159023885916194, ""support"": 25925}, ""weighted avg"": {""precision"": 0.9651527268552115, ""recall"": 0.9239729990356799, ""f1-score"": 0.9376151716103471, ""support"": 25925}}"
0,944601,1e-07,4,0.8115083589633503,0.9236267502203075,0.9333231474494624,1.1071707011377059,0.9272131147540984,0.9391215644804765,"              precision    recall  f1-score   support

       LOC_B     0.4505    0.9070    0.6020       301
       LOC_I     0.8235    0.2333    0.3636       120
           O     0.9982    0.9299    0.9629     24118
       ORG_B     0.3814    0.9724    0.5479       544
       ORG_I     0.4105    0.9223    0.5681       373
       PER_B     0.6459    0.9441    0.7670       286
       PER_I     0.9540    0.9071    0.9300       183

    accuracy                         0.9272     25925
   macro avg     0.6663    0.8309    0.6774     25925
weighted avg     0.9655    0.9272    0.9391     25925
","{""LOC_B"": {""precision"": 0.4504950495049505, ""recall"": 0.9069767441860465, ""f1-score"": 0.6019845644983461, ""support"": 301}, ""LOC_I"": {""precision"": 0.8235294117647058, ""recall"": 0.23333333333333334, ""f1-score"": 0.3636363636363636, ""support"": 120}, ""O"": {""precision"": 0.9982196902260994, ""recall"": 0.9299278547143213, ""f1-score"": 0.9628643798566092, ""support"": 24118}, ""ORG_B"": {""precision"": 0.38139870223503963, ""recall"": 0.9724264705882353, ""f1-score"": 0.5479026411185913, ""support"": 544}, ""ORG_I"": {""precision"": 0.4105011933174224, ""recall"": 0.9222520107238605, ""f1-score"": 0.5681255161023947, ""support"": 373}, ""PER_B"": {""precision"": 0.645933014354067, ""recall"": 0.9440559440559441, ""f1-score"": 0.7670454545454546, ""support"": 286}, ""PER_I"": {""precision"": 0.9540229885057471, ""recall"": 0.907103825136612, ""f1-score"": 0.9299719887955182, ""support"": 183}, ""accuracy"": 0.9272131147540984, ""macro avg"": {""precision"": 0.6663000071297188, ""recall"": 0.8308680261054789, ""f1-score"": 0.677361558364754, ""support"": 25925}, ""weighted avg"": {""precision"": 0.9654544230013845, ""recall"": 0.9272131147540984, ""f1-score"": 0.9391215644804765, ""support"": 25925}}"
